Date,spread,z_score,position,gross_return,net_return,equity,drawdown
2023-08-04,0.9098863601919573,0.9908638725037331,0.0,,,1.0,0.0
2023-08-07,0.9130183307368958,1.1159738726651016,0.0,0.0,0.0,1.0,0.0
2023-08-08,0.9140995613256928,1.0834435827054676,0.0,0.0,0.0,1.0,0.0
2023-08-09,0.9125909393241765,0.8943465587191884,0.0,-0.0,-0.0,1.0,0.0
2023-08-10,0.9201938343734435,1.2488654178072331,0.0,0.0,0.0,1.0,0.0
2023-08-11,0.9148389685911686,0.8231453747552533,0.0,-0.0,-0.0,1.0,0.0
2023-08-14,0.908500085010969,0.38207887180134825,0.0,-0.0,-0.0,1.0,0.0
2023-08-16,0.9098976065209401,0.4327247770562911,0.0,0.0,0.0,1.0,0.0
2023-08-17,0.9156397249423032,0.724110434765308,0.0,0.0,0.0,1.0,0.0
2023-08-18,0.919825310845849,0.929083982587238,0.0,0.0,0.0,1.0,0.0
2023-08-21,0.9137148360576717,0.5178317291560351,0.0,-0.0,-0.0,1.0,0.0
2023-08-22,0.9078995601069213,-0.2601496461169482,0.0,-0.0,-0.0,1.0,0.0
2023-08-23,0.9009957545969121,-1.0307623148487766,0.0,-0.0,-0.0,1.0,0.0
2023-08-24,0.8958893565774702,-1.5367331873746697,1.0,-0.0,-0.0005,0.9995,-0.0004999999999999449
2023-08-25,0.885709458235743,-2.254998164642514,1.0,-0.005112480944004539,-0.005112480944004539,0.9943900752964675,-0.005609924703532498
2023-08-28,0.8897547400484598,-1.967675237366019,1.0,0.0020611927177867253,0.0020611927177867253,0.9964397048783079,-0.003560295121692092
2023-08-29,0.9016494220026372,-0.692930255816313,1.0,0.00602289113565026,0.00602289113565026,1.0024411527440296,0.0
2023-08-30,0.8988400028808234,-0.913809091953097,1.0,-0.0014114948507042476,-0.0014114948507042476,1.0010262122187974,-0.0014114948507041314
2023-08-31,0.9031840565871372,-0.408644217641701,0.0,0.0021800392822733305,0.0016800392822733305,1.0027079755779102,0.0
2023-09-01,0.8984008580840568,-0.8675486821698004,0.0,-0.0,-0.0,1.0027079755779102,0.0
2023-09-04,0.9095676448934862,0.2978854755280911,0.0,0.0,0.0,1.0027079755779102,0.0
2023-09-05,0.8985555938221772,-0.7712580722871702,0.0,-0.0,-0.0,1.0027079755779102,0.0
2023-09-06,0.9119655171775225,0.6369701646110527,0.0,0.0,0.0,1.0027079755779102,0.0
2023-09-07,0.9112553475996394,0.5723040955765162,0.0,-0.0,-0.0,1.0027079755779102,0.0
2023-09-08,0.9167208798528828,1.1966104772147235,0.0,0.0,0.0,1.0027079755779102,0.0
2023-09-11,0.913890821810468,0.9007065265896559,0.0,-0.0,-0.0,1.0027079755779102,0.0
2023-09-12,0.9152263003554291,0.9844167559160331,0.0,0.0,0.0,1.0027079755779102,0.0
2023-09-13,0.9122785715494448,0.6550192812262423,0.0,-0.0,-0.0,1.0027079755779102,0.0
2023-09-14,0.9133076311841597,0.7845489068745475,0.0,0.0,0.0,1.0027079755779102,0.0
2023-09-15,0.9288352114980487,2.184690911289419,-1.0,0.0,-0.0005,1.0022066215901213,-0.0004999999999999449
2023-09-18,0.9173880592284114,1.03594120656338,-1.0,0.005704026794709559,0.005704026794709559,1.0079232350135066,0.0
2023-09-20,0.8813019062128618,-2.017219422808731,0.0,0.01782461491428271,0.01732461491428271,1.0253851169232737,0.0
2023-09-21,0.893298019123856,-0.95231281495489,0.0,0.0,0.0,1.0253851169232737,0.0
2023-09-22,0.877505183140669,-1.962031299837206,1.0,-0.0,-0.0005,1.0248724243648122,-0.0004999999999999449
2023-09-25,0.8629344583122789,-2.5156778162986724,1.0,-0.007425183274702796,-0.007425183274702796,1.0172625587807145,-0.007921470683065368
2023-09-26,0.8784676846652788,-1.4383560141200693,1.0,0.007822316885730232,0.007822316885730232,1.0252199088714862,-0.00016111805121887812
2023-09-27,0.8708367434703037,-1.662914751214921,1.0,-0.003843909284234576,-0.003843909284234576,1.0212790565453929,-0.004004408012280636
2023-09-28,0.8866506011530806,-0.7369046231091116,1.0,0.007910691906048753,0.007910691906048753,1.0293580805118236,0.0
2023-09-29,0.8869446253867652,-0.668328171649381,1.0,0.00014880781753196624,0.00014880781753196624,1.0295112570412435,0.0
2023-10-03,0.8798058060718805,-0.9781583670404359,1.0,-0.0035773962295859323,-0.0035773962295859323,1.0258282873519877,-0.003577396229586083
2023-10-04,0.8967998530832135,-0.047897422178320236,0.0,0.008636850635346312,0.008136850635346311,1.0341752989036839,0.0
2023-10-05,0.8939350662864465,-0.18811099501566414,0.0,-0.0,-0.0,1.0341752989036839,0.0
2023-10-06,0.8873962555313364,-0.4758677910426407,0.0,-0.0,-0.0,1.0341752989036839,0.0
2023-10-09,0.8896307403994825,-0.30219686495807235,0.0,0.0,0.0,1.0341752989036839,0.0
2023-10-10,0.8745572463706184,-1.0215564072559493,0.0,-0.0,-0.0,1.0341752989036839,0.0
2023-10-11,0.8756930327467636,-0.8677878755546298,0.0,0.0,0.0,1.0341752989036839,0.0
2023-10-12,0.8865093014186352,-0.18913854979014025,0.0,0.0,0.0,1.0341752989036839,0.0
2023-10-13,0.8783971105998294,-0.5937014056760007,0.0,-0.0,-0.0,1.0341752989036839,0.0
2023-10-16,0.8812130449428635,-0.34370562468003535,0.0,0.0,0.0,1.0341752989036839,0.0
2023-10-17,0.8766488156198493,-0.6237711644175282,0.0,-0.0,-0.0,1.0341752989036839,0.0
2023-10-18,0.8727131718615793,-1.0349992575768394,0.0,-0.0,-0.0,1.0341752989036839,0.0
2023-10-19,0.8779309302188594,-0.4031701673335418,0.0,0.0,0.0,1.0341752989036839,0.0
2023-10-20,0.8657162298743071,-1.626993394645992,1.0,-0.0,-0.0005,1.033658211254232,-0.0004999999999999449
2023-10-23,0.8707448613076512,-0.9905466743764948,1.0,0.002505588952867523,0.002505588952867523,1.0362481338493916,0.0
2023-10-25,0.8715508449803631,-1.023929971565997,1.0,0.00040428349004852456,0.00040428349004852456,1.0366670718615005,0.0
2023-10-26,0.8681723002704489,-1.3022454273205395,1.0,-0.001674377023283306,-0.001674377023283306,1.0349313003355813,-0.0016743770232832134
2023-10-27,0.8675708307235341,-1.3220966860296846,1.0,-0.0003053549420936602,-0.0003053549420936602,1.0346152789482965,-0.0019792206860778094
2023-10-30,0.8698978389728653,-0.9615380088511383,1.0,0.0011869587916790644,0.0011869587916790644,1.0358433246496497,-0.0007946111477927786
2023-10-31,0.8516882521551699,-2.366099549713812,1.0,-0.00923370060278484,-0.00923370060278484,1.0262786575184415,-0.010020974549143302
2023-11-01,0.858810358909019,-1.497732159938896,1.0,0.0035811674906224412,0.0035811674906224412,1.0299539332830663,-0.006475693846800579
2023-11-02,0.8528146922277644,-1.837074116784828,1.0,-0.0030439987442088157,-0.0030439987442088157,1.0268187548035597,-0.009499980587071799
2023-11-03,0.8600534958510853,-1.1152155043969525,1.0,0.0036622114567763033,0.0036622114567763033,1.030579182211434,-0.0058725600680406
2023-11-06,0.8633554278771944,-0.7248358971670783,1.0,0.0016778863230396618,0.0016778863230396618,1.032308376926076,-0.004204527233220512
2023-11-07,0.8522969318845321,-1.673543896989061,1.0,-0.005592446937557621,-0.005592446937557621,1.0265352471049205,-0.009773460575328907
2023-11-08,0.8579826596319737,-0.9947814392839032,1.0,0.002873407902981515,0.002873407902981515,1.029484901596641,-0.006928135811203884
2023-11-09,0.8547481601104678,-1.1836532122457495,1.0,-0.0016307483652683902,-0.0016307483652683902,1.0278060707762937,-0.008547586130323914
2023-11-10,0.8583977030674594,-0.7620951851923292,1.0,0.0018482075129316819,0.0018482075129316819,1.029705669678139,-0.006715176330295947
2023-11-13,0.855044836647008,-1.021062740280143,1.0,-0.0016941771701574463,-0.0016941771701574463,1.0279611658405887,-0.008397976802020923
2023-11-15,0.8536149559308903,-1.1006917007727912,1.0,-0.0007314684396738087,-0.0007314684396738087,1.027209244690566,-0.009123302386706889
2023-11-16,0.8543858024668562,-0.9268826347266362,1.0,0.00039040582342344886,0.00039040582342344886,1.0276102731615677,-0.00873645835366399
2023-11-17,0.8567942458858102,-0.5540916333045142,1.0,0.0012129249613363727,0.0012129249613363727,1.0288566873124112,-0.007534130060738331
2023-11-20,0.8535659311067336,-0.9255750941506832,1.0,-0.0016342541502559428,-0.0016342541502559428,1.0271752740011524,-0.009156071527673948
2023-11-21,0.8638546886833884,0.6074822454751527,0.0,0.0052166327903164925,0.004716632790316493,1.0320200825799086,-0.004482624564555282
2023-11-22,0.8723001151716989,1.81308662938226,-1.0,0.0,-0.0005,1.0315040725386186,-0.004980383252273013
2023-11-23,0.8816354412091689,2.646301883527401,-1.0,-0.004722810358007485,-0.004722810358007485,1.0266324744205064,-0.009679672204669698
2023-11-24,0.8860680911865488,2.54086062209578,-1.0,-0.0022509401721038367,-0.0022509401721038367,1.0243215861418469,-0.01190882401375537
2023-11-28,0.8847964648194715,2.056385878247673,-1.0,0.0006415907405453652,0.0006415907405453652,1.024978781386856,-0.011274873864428159
2023-11-29,0.8982801208008704,2.5530924993458233,-1.0,-0.006903146326983914,-0.006903146326983914,1.0179032028768888,-0.018100188087307734
2023-11-30,0.8969398706640446,2.048270217507198,-1.0,0.0006776129143324154,0.0006776129143324154,1.0185929472326987,-0.017434840094174953
2023-12-01,0.8975202085771903,1.7877294742516971,-1.0,-0.0002925111993671371,-0.0002925111993671371,1.0182949973880366,-0.017722251407555456
2023-12-04,0.8943194290380037,1.4185525195467406,-1.0,0.0016841938875827944,0.0016841938875827944,1.0200100035983939,-0.01606790522746737
2023-12-05,0.8978514274780833,1.4370402674539797,-1.0,-0.0017974463360185195,-0.0017974463360185195,1.0181765903547237,-0.01783647036610725
2023-12-06,0.9041547079051204,1.5630803209274027,-1.0,-0.0031833256696937717,-0.0031833256696937717,1.0149354026783661,-0.02096301674182799
2023-12-07,0.9028568869301372,1.342388638121346,-1.0,0.0006574033102859524,0.0006574033102859524,1.0156026245718133,-0.020319394588141693
2023-12-08,0.9105181472633621,1.526255561258325,-1.0,-0.0039104795727818295,-0.0039104795727818295,1.0116311312543615,-0.02415041558345532
2023-12-11,0.9062095865831425,1.191927124360533,-1.0,0.002179201411749674,0.002179201411749674,1.013835679243761,-0.02202384279143943
2023-12-12,0.9067393654432516,1.1016727179222197,-1.0,-0.00026439698213533413,-0.00026439698213533413,1.013567624149788,-0.022282416736005506
2023-12-13,0.9034812054372736,0.8581046789559342,-1.0,0.001645489907687747,0.001645489907687747,1.0152354394460854,-0.02067359232017585
2023-12-14,0.9005066474493004,0.6345444358340797,-1.0,0.0015244151807332525,0.0015244151807332525,1.0167830797619954,-0.0191806922774157
2023-12-15,0.9060951042357326,0.8628242577729022,-1.0,-0.002827192983736365,-0.002827192983736365,1.0139084377729104,-0.021953657742522337
2023-12-18,0.9075141183259445,0.8844016710183361,-1.0,-0.0007162112634806424,-0.0007162112634806424,1.0131822651296394,-0.022654145549053095
2023-12-19,0.9060335855419428,0.7689154608723203,-1.0,0.000747484998909471,0.000747484998909471,1.013939603673985,-0.02192359418410461
2023-12-20,0.9191971476888243,1.8213269883463383,-1.0,-0.006624472155847869,-0.006624472155847869,1.0072227890017353,-0.02840283410072364
2023-12-21,0.923021687392537,2.0681614598656717,-1.0,-0.0019625674111186336,-0.0019625674111186336,1.0052460463803046,-0.030309659035252734
2023-12-22,0.9094680300645921,0.6873847207890704,-1.0,0.006831347157534049,0.006831347157534049,1.012113231101867,-0.023685367680814973
2023-12-26,0.9026213124745741,-0.15307435943879977,0.0,0.003497055864126683,0.002997055864126683,1.015146590996301,-0.02075929818679023
2023-12-27,0.9069300895802908,0.26995552673720796,0.0,0.0,0.0,1.015146590996301,-0.02075929818679023
2023-12-28,0.8983468375524,-0.9395641360762143,0.0,-0.0,-0.0,1.015146590996301,-0.02075929818679023
2023-12-29,0.9074631941939781,0.2802358441474133,0.0,0.0,0.0,1.015146590996301,-0.02075929818679023
2024-01-01,0.9003799753603792,-0.7911324760474784,0.0,-0.0,-0.0,1.015146590996301,-0.02075929818679023
2024-01-02,0.9238435477764879,2.2864217136375515,-1.0,0.0,-0.0005,1.014639017700803,-0.021248918537696726
2024-01-03,0.9078575195950727,0.028103838319726307,0.0,0.008017989375045009,0.007517989375045008,1.0222670630553836,-0.0138906783064493
2024-01-04,0.9197374034881829,1.5256837730052102,-1.0,0.0,-0.0005,1.021755929523856,-0.014383732967296003
2024-01-05,0.9230483724875764,1.7085897280106748,-1.0,-0.0016615194825761652,-0.0016615194825761652,1.0200582621405145,-0.016021353597314714
2024-01-08,0.9232964721344139,1.546418342878516,-1.0,-0.00012325312867182876,-0.00012325312867182876,1.019932536768278,-0.016142632044030214
2024-01-09,0.9151862943564097,0.5428813122070771,-1.0,0.0040831596672663084,0.0040831596672663084,1.024097084165743,-0.012125385320849502
2024-01-10,0.921622451539581,1.167597694754728,-1.0,-0.0032527606150072347,-0.0032527606150072347,1.020765941504425,-0.015338704960043303
2024-01-11,0.9163153182493424,0.5032924308225768,-1.0,0.002677844432936012,0.002677844432936012,1.0234993938982133,-0.012701935192792946
2024-01-12,0.9060054691814008,-0.7349410511375533,0.0,0.005212497414068939,0.004712497414068938,1.0283226321452597,-0.00804929561547385
2024-01-15,0.9153809270022455,0.3262726438287938,0.0,0.0,0.0,1.0283226321452597,-0.00804929561547385
2024-01-16,0.9210216432626241,0.9106953868828447,0.0,0.0,0.0,1.0283226321452597,-0.00804929561547385
2024-01-17,0.8697800828527615,-3.252267960134944,1.0,-0.0,-0.0005,1.027808470829187,-0.008545270967666108
2024-01-18,0.8371320709810686,-3.369291937081287,1.0,-0.016211047170237674,-0.016211047170237674,1.0111466192266052,-0.024617790347164492
2024-01-19,0.8338059555341815,-2.6390225237222746,1.0,-0.0016663916278928128,-0.0016663916278928128,1.0094616529657539,-0.026243159095325597
2024-01-23,0.7927781006877161,-2.908006150372644,1.0,-0.02054243103342955,-0.02054243103342955,0.988724856578813,-0.04624649184294016
2024-01-24,0.8103364913923272,-2.0169007424939487,1.0,0.00897170785490903,0.00897170785490903,0.9975954071409249,-0.03768969400216049
2024-01-25,0.8069246629504985,-1.7982507047458816,1.0,-0.0017028933585227569,-0.0017028933585227569,0.9958966085476118,-0.039328405831082214
2024-01-29,0.7908847881205068,-1.8386752608098662,1.0,-0.008288608905778025,-0.008288608905778025,0.9876420110487699,-0.047291036962038624
2024-01-30,0.7833684247145172,-1.718206056215045,1.0,-0.0037856268807457696,-0.0037856268807457696,0.9839031669031899,-0.05089763762204258
2024-01-31,0.795040015838751,-1.3398248744317074,1.0,0.005938119431057921,0.005938119431057921,0.9897457014168571,-0.045261754441943025
2024-02-01,0.7989763323815895,-1.1450789800558248,1.0,0.0019904814621254647,0.0019904814621254647,0.9917157718877457,-0.04336136566297755
2024-02-02,0.7849975369989508,-1.24589260711745,1.0,-0.007015882886220997,-0.007015882886220997,0.984758010175763,-0.05007303028592058
2024-02-05,0.7919688235444724,-1.0202858367768057,1.0,0.003507240102299395,0.003507240102299395,0.988211792960112,-0.04674140832348361
2024-02-06,0.8030745238644501,-0.7487396723860942,1.0,0.005577657622262535,0.005577657622262535,0.9937236999995257,-0.04142445827363184
2024-02-07,0.7901651859554493,-0.8853598501628555,1.0,-0.0065018221758539,-0.0065018221758539,0.9872626852101971,-0.047656945988059585
2024-02-08,0.8061361167506984,-0.5229985702703488,1.0,0.007849746772229643,0.007849746772229643,0.9950124472867686,-0.04018129417377403
2024-02-09,0.7993394725953857,-0.5768860827954482,1.0,-0.0034480620552045913,-0.0034480620552045913,0.9915815826228229,-0.04349080863320898
2024-02-12,0.8082606760407627,-0.3142124533473676,0.0,0.00444296699971565,0.00394296699971565,0.9954913560806307,-0.03971932445672488
2024-02-13,0.7957809058353753,-0.5206157817889773,0.0,-0.0,-0.0,0.9954913560806307,-0.03971932445672488
2024-02-14,0.7816686508113264,-0.8452165125854401,0.0,-0.0,-0.0,0.9954913560806307,-0.03971932445672488
2024-02-15,0.808556228571482,0.19400889517501682,0.0,0.0,0.0,0.9954913560806307,-0.03971932445672488
2024-02-16,0.8149384603540906,0.8891186545278831,0.0,0.0,0.0,0.9954913560806307,-0.03971932445672488
2024-02-19,0.8151386306573993,1.1359644634506703,0.0,0.0,0.0,0.9954913560806307,-0.03971932445672488
2024-02-20,0.8236251582398113,2.03816727290279,-1.0,0.0,-0.0005,0.9949936104025904,-0.04019946479449654
2024-02-21,0.8223035890911703,1.6699526841194017,-1.0,0.0006617985208552647,0.0006617985208552647,0.9956520957022152,-0.039564270219981434
2024-02-22,0.8206326129096428,1.42692234489608,-1.0,0.0008344215315781267,0.0008344215315781267,0.99648288924883,-0.03876286196735612
2024-02-23,0.8217978425220664,1.3849654450080697,-1.0,-0.0005889477477639976,-0.0005889477477639976,0.9958960128955215,-0.03932898041486754
2024-02-26,0.8330949374976253,1.883016831194072,-1.0,-0.005683172613430777,-0.005683172613430777,0.9902361639492088,-0.04478863964389035
2024-02-27,0.8313239922569808,1.5828013050979846,-1.0,0.0008943979081740209,0.0008943979081740209,0.9911218291028431,-0.04393430060132397
2024-02-28,0.8370926688814935,1.703099141183543,-1.0,-0.0028838727565183055,-0.0028838727565183055,0.9882635598615027,-0.046691472425261504
2024-02-29,0.8294313657721819,1.1106974803361422,-1.0,0.0038700763701446064,0.0038700763701446064,0.9920882153119978,-0.04300209561923707
2024-03-01,0.8268188141508457,0.8712001582381553,-1.0,0.0013504266596649987,0.0013504266596649987,0.9934279576866945,-0.04170974013591788
2024-03-04,0.8284639867018981,0.8858070811235973,-1.0,-0.0008318467251376255,-0.0008318467251376255,0.9926015778934326,-0.042506890750317106
2024-03-05,0.8406752379112552,1.4857464361750519,-1.0,-0.0061681678986060615,-0.0061681678986060615,0.9864790447045646,-0.04841286900992747
2024-03-06,0.8170758456064817,-0.06958506577990514,0.0,0.01208602743776666,0.01158602743776666,0.9979084179832934,-0.03738775440085096
2024-03-07,0.8260286710330886,0.4727726492484306,0.0,0.0,0.0,0.9979084179832934,-0.03738775440085096
2024-03-11,0.823650772967575,0.23952364465960063,0.0,-0.0,-0.0,0.9979084179832934,-0.03738775440085096
2024-03-12,0.8509211987233929,1.8753900926674814,-1.0,0.0,-0.0005,0.9974094637743018,-0.037869060523650466
2024-03-13,0.8462828753207914,1.4490533703190225,-1.0,0.0023509691691108473,0.0023509691691108473,0.9997543426726145,-0.03560712034829405
2024-03-14,0.8356422787548379,0.7403554604431127,-1.0,0.00538797008365251,0.00538797008365251,1.0051409891619363,-0.030411000363843144
2024-03-15,0.8360225621690951,0.7035973048911215,-1.0,-0.00019174347412827307,-0.00019174347412827307,1.0049482599366857,-0.03059691272710985
2024-03-18,0.8316941259085153,0.1934096571208896,0.0,0.0021821847687388306,0.0016821847687388306,1.006638768592922,-0.028966197618930822
2024-03-19,0.8273781826243916,-0.3580797475702405,0.0,-0.0,-0.0,1.006638768592922,-0.028966197618930822
2024-03-20,0.8058998996262767,-2.3202802726857645,1.0,-0.0,-0.0005,1.0061354492086254,-0.029451714520121408
2024-03-21,0.8123842632341898,-1.5469151189439618,1.0,0.0032997892351591413,0.0032997892351591413,1.009455484133036,-0.02624910973549266
2024-03-22,0.8080317545430784,-1.7527686786494543,1.0,-0.002199970601411795,-0.002199970601411795,1.0072347117445095,-0.02839133306717323
2024-03-26,0.8084523682984406,-1.5581469174744236,1.0,0.000209085135210835,0.000209085135210835,1.0074453095504037,-0.028188184137675543
2024-03-27,0.8069814983932915,-1.4803666547483916,1.0,-0.0007526592299548173,-0.0007526592299548173,1.006687046539496,-0.02891962727066344
2024-03-28,0.8065244123994013,-1.3521297849800122,1.0,-0.00023236151890171323,-0.00023236151890171323,1.0064531312083034,-0.029145268981046413
2024-04-01,0.8191660221303758,-0.38201472838602313,0.0,0.006447353087392322,0.0059473530873923215,1.0124388633455108,-0.023371253099111255
2024-04-02,0.8440803243828991,1.3265022667954802,0.0,0.0,0.0,1.0124388633455108,-0.023371253099111255
2024-04-03,0.8602623467102744,2.0509916900373297,-1.0,0.0,-0.0005,1.011932643913838,-0.023859567472561682
2024-04-04,0.8802406361662705,2.5132427188068314,-1.0,-0.010300893082185292,-0.010300893082185292,1.0015088339425084,-0.03391468570122502
2024-04-05,0.8745665991674203,1.9311144012988022,-1.0,0.0029190860022131285,0.0029190860022131285,1.0044323243607627,-0.031094599583311955
2024-04-08,0.8708806703594023,1.5509800973734968,-1.0,0.0018626096602968835,0.0018626096602968835,1.0063031897112316,-0.029289907024582007
2024-04-09,0.876419078880077,1.5638641756209106,-1.0,-0.0027945538522502985,-0.0027945538522502985,1.0034910212558923,-0.032002608654324693
2024-04-10,0.8438926451444013,0.25861818115536656,0.0,0.016579435488955532,0.016079435488955532,1.0196265903959225,-0.016437757046704582
2024-04-12,0.8394421961960967,0.10768661943420119,0.0,-0.0,-0.0,1.0196265903959225,-0.016437757046704582
2024-04-15,0.8314253467063768,-0.17979492600729302,0.0,-0.0,-0.0,1.0196265903959225,-0.016437757046704582
2024-04-16,0.8441385429822397,0.3056322382974879,0.0,0.0,0.0,1.0196265903959225,-0.016437757046704582
2024-04-18,0.8376505274138122,0.04636723505046125,0.0,-0.0,-0.0,1.0196265903959225,-0.016437757046704582
2024-04-19,0.858615479834488,0.8064631515706732,0.0,0.0,0.0,1.0196265903959225,-0.016437757046704582
2024-04-22,0.8366631978416352,-0.06321507793080183,0.0,-0.0,-0.0,1.0196265903959225,-0.016437757046704582
2024-04-23,0.8319418142107589,-0.3111058195304632,0.0,-0.0,-0.0,1.0196265903959225,-0.016437757046704582
2024-04-24,0.8187268958518388,-0.8734512336175589,0.0,-0.0,-0.0,1.0196265903959225,-0.016437757046704582
2024-04-25,0.930755659660079,2.7790800973550858,-1.0,0.0,-0.0005,1.0191167771007246,-0.016929538168181213
2024-04-26,0.9505706384020423,2.6256323235427064,-1.0,-0.009906578778485785,-0.009906578778485785,1.0090208164638996,-0.02666840314312069
2024-04-29,0.9443126395698158,2.07379521191958,-1.0,0.0032158788196866316,0.0032158788196866316,1.0122657051361887,-0.023538286676256903
2024-04-30,0.9480128431005426,1.8780667858230822,-1.0,-0.001854466677105448,-0.001854466677105448,1.0103884921176371,-0.02534910238508492
2024-05-02,0.9855274936800997,2.247232873060432,-1.0,-0.018751110999801143,-0.018751110999801143,0.9914425853490176,-0.043624889552318025
2024-05-03,0.9953886786821569,2.036528489379316,-1.0,-0.004916202252627948,-0.004916202252627948,0.9865684530775736,-0.04832662302465818
2024-05-06,0.949478137123819,1.0914164558206347,-1.0,0.02380265467783794,0.02380265467783794,1.010051401282228,-0.025674270266422106
2024-05-07,0.926842278454548,0.6449780908915339,-1.0,0.011445015651929407,0.011445015651929407,1.0216114553791562,-0.014523097039543797
2024-05-08,0.9084705447474235,0.29578149770311124,0.0,0.009223923331423436,0.008723923331423435,1.0305239153903878,-0.005925872093228257
2024-05-09,0.8875999929879841,-0.08188024805096254,0.0,-0.0,-0.0,1.0305239153903878,-0.005925872093228257
2024-05-10,0.903575601376259,0.1733451414035981,0.0,0.0,0.0,1.0305239153903878,-0.005925872093228257
2024-05-13,0.9076353588134181,0.1924642790142559,0.0,0.0,0.0,1.0305239153903878,-0.005925872093228257
2024-05-14,0.9085074613316255,0.15079784486020922,0.0,0.0,0.0,1.0305239153903878,-0.005925872093228257
2024-05-15,0.89034970283282,-0.24737300589459985,0.0,-0.0,-0.0,1.0305239153903878,-0.005925872093228257
2024-05-16,0.8928372539324796,-0.2551817062956441,0.0,0.0,0.0,1.0305239153903878,-0.005925872093228257
2024-05-17,0.8812323370293447,-0.5534901551961905,0.0,-0.0,-0.0,1.0305239153903878,-0.005925872093228257
2024-05-21,0.8766254686641055,-0.6794243326876772,0.0,-0.0,-0.0,1.0305239153903878,-0.005925872093228257
2024-05-22,0.8761506015951825,-0.7704079312147913,0.0,-0.0,-0.0,1.0305239153903878,-0.005925872093228257
2024-05-23,0.8933259042712907,-0.4974150709771997,0.0,0.0,0.0,1.0305239153903878,-0.005925872093228257
2024-05-24,0.9128853183364871,-0.16256723928415903,0.0,0.0,0.0,1.0305239153903878,-0.005925872093228257
2024-05-27,0.9154534629851012,-0.06635167822534814,0.0,0.0,0.0,1.0305239153903878,-0.005925872093228257
2024-05-28,0.9214983800772867,0.15518521354899298,0.0,0.0,0.0,1.0305239153903878,-0.005925872093228257
2024-05-29,0.9160070906452011,0.03451572723366957,0.0,-0.0,-0.0,1.0305239153903878,-0.005925872093228257
2024-05-30,0.9190363604995637,0.17531147560692495,0.0,0.0,0.0,1.0305239153903878,-0.005925872093228257
2024-05-31,0.9356341360250671,0.8894675300837135,0.0,0.0,0.0,1.0305239153903878,-0.005925872093228257
2024-06-03,0.9401412816826404,1.5366628996399827,-1.0,0.0,-0.0005,1.0300086534326927,-0.006422909157181578
2024-06-04,0.9285660546665735,1.1242199132308275,-1.0,0.00556193538319381,0.00556193538319381,1.0357374950072156,-0.0008966975796923515
2024-06-05,0.927052506417553,1.0437033716830775,-1.0,0.0008132410162409739,0.0008132410162409739,1.0365797992202141,-8.418579470226284e-05
2024-06-06,0.9227187348287629,0.7666638776057835,-1.0,0.002206513586601318,0.002206513586601318,1.03886702663079,0.0
2024-06-07,0.9207699511060126,0.5932381906879499,-1.0,0.0009950446726879436,0.0009950446726879436,1.0399007457312701,0.0
2024-06-10,0.9175850603411488,0.388135680650696,0.0,0.0015998353555866896,0.0010998353555866896,1.0410444653377262,0.0
2024-06-11,0.9343131616949298,1.1529281131791653,0.0,0.0,0.0,1.0410444653377262,0.0
2024-06-12,0.9426921386778577,1.4072838859986379,0.0,0.0,0.0,1.0410444653377262,0.0
2024-06-13,0.9408477122985266,1.1906127957599777,0.0,-0.0,-0.0,1.0410444653377262,0.0
2024-06-14,0.9562140857241141,1.6813411836915153,-1.0,0.0,-0.0005,1.0405239431050575,-0.0004999999999998339
2024-06-18,0.9617634032382245,1.7418267155668519,-1.0,-0.002815696950668479,-0.002815696950668479,1.0375941430113589,-0.003314289102193113
2024-06-19,0.9769992518633028,2.169792169232687,-1.0,-0.007877729012960933,-0.007877729012960933,1.02942025752728,-0.011165909043736377
2024-06-20,0.9730175643202719,1.8925848070151379,-1.0,0.002030822771292201,0.002030822771292201,1.0315108276274958,-0.009157762254792479
2024-06-21,0.9656633567753738,1.43986102175225,-1.0,0.003722300263197385,0.003722300263197385,1.0353504206526647,-0.005469549932446305
2024-06-24,0.9713578625094046,1.5289566103500154,-1.0,-0.0028810171639317363,-0.0028810171639317363,1.0323675583200804,-0.008334809229143647
2024-06-25,0.9892312327064632,2.016728158830065,-1.0,-0.009160532268280836,-0.009160532268280836,1.022910521989363,-0.017418990208530882
2024-06-26,0.974573208478791,1.2367891757506477,-1.0,0.007419569115464107,0.007419569115464107,1.0305000773061987,-0.010128662494840457
2024-06-27,0.9539444844350546,0.2840294339764955,0.0,0.010501701125984461,0.01000170112598446,1.0408068310897194,-0.00022826522393515347
2024-06-28,0.9617511842380324,0.5594686521250896,0.0,0.0,0.0,1.0408068310897194,-0.00022826522393515347
2024-07-01,0.9713440767045007,0.9126192845696162,0.0,0.0,0.0,1.0408068310897194,-0.00022826522393515347
2024-07-02,1.0071966233283574,2.1079656099147424,-1.0,0.0,-0.0005,1.0402864276741746,-0.0007281510913231815
2024-07-03,1.0064718014103464,1.798096692779652,-1.0,0.00037728880925078084,0.00037728880925078084,1.0406789161017516,-0.00035113700533051517
2024-07-04,0.9702932346046618,0.3661979405990331,0.0,0.018181827865126874,0.017681827865126874,1.0590800215591296,0.0
2024-07-05,0.9134339605895478,-1.7850800489698364,1.0,-0.0,-0.0005,1.0585504815483502,-0.0004999999999998339
2024-07-08,0.9054035358461165,-1.9563514704093943,1.0,-0.004043044460904626,-0.004043044460904626,1.0542707148873383,-0.0045410229386739775
2024-07-09,0.9089362727802701,-1.7659033523713736,1.0,0.0017833512498495864,0.0017833512498495864,1.0561508498844123,-0.0027657699277577885
2024-07-10,0.9121422306550748,-1.5380485264012778,1.0,0.0016067785156766302,0.0016067785156766302,1.0578478503793203,-0.0011634353917803208
2024-07-11,0.9017509976981222,-1.6811169217827475,1.0,-0.005265357135797659,-0.005265357135797659,1.0522779036517373,-0.006422666624735784
2024-07-12,0.9084458190955829,-1.3577363859343181,1.0,0.0033734248165377166,0.0033734248165377166,1.0558276840458105,-0.0030709081911781677
2024-07-15,0.9023785213384272,-1.3785133513614691,1.0,-0.0030745101043878746,-0.0030745101043878746,1.0525815311627191,-0.006135976757302708
2024-07-16,0.9214504741208751,-0.77865350457136,1.0,0.00953070338901213,0.00953070338901213,1.0626133735289833,0.0
2024-07-18,0.9068286432562349,-1.0659688378844905,1.0,-0.0074215140424097725,-0.0074215140424097725,1.0547271734556856,-0.00742151404240976
2024-07-19,0.9038643016120123,-1.035952743386105,1.0,-0.0014933192672150321,-0.0014933192672150321,1.053152129045909,-0.00890375061971338
2024-07-22,0.9605941440910222,0.48114784598039667,0.0,0.02847544656093144,0.02797544656093144,1.0826145301525638,0.0
2024-07-23,0.9394816052609629,-0.04055373950915575,0.0,-0.0,-0.0,1.0826145301525638,0.0
2024-07-24,0.9432174456327225,0.12953185060536437,0.0,0.0,0.0,1.0826145301525638,0.0
2024-07-25,0.9349164931612464,-0.05217328648034487,0.0,-0.0,-0.0,1.0826145301525638,0.0
2024-07-26,0.9147653709405859,-0.5852494032572874,0.0,-0.0,-0.0,1.0826145301525638,0.0
2024-07-29,0.9174619564586335,-0.44669126214271127,0.0,0.0,0.0,1.0826145301525638,0.0
2024-07-30,0.9282476721667843,-0.06522167432466709,0.0,0.0,0.0,1.0826145301525638,0.0
2024-07-31,0.9164971930096906,-0.345219131923418,0.0,-0.0,-0.0,1.0826145301525638,0.0
2024-08-01,0.9389535706913188,0.8403809872911927,0.0,0.0,0.0,1.0826145301525638,0.0
2024-08-02,0.9454154900317233,1.4185626021939084,0.0,0.0,0.0,1.0826145301525638,0.0
2024-08-05,0.9352180067983324,0.7495725243327663,0.0,-0.0,-0.0,1.0826145301525638,0.0
2024-08-06,0.9278843868231403,0.2655285691317863,0.0,-0.0,-0.0,1.0826145301525638,0.0
2024-08-07,0.9384040210105598,0.8060459548049357,0.0,0.0,0.0,1.0826145301525638,0.0
2024-08-08,0.9522567592563744,1.446029040383481,0.0,0.0,0.0,1.0826145301525638,0.0
2024-08-09,0.9585251964671748,1.6133843665814138,-1.0,0.0,-0.0005,1.0820732228874876,-0.0004999999999999449
2024-08-12,0.9629037296209422,1.6399886753639499,-1.0,-0.0022211144217751406,-0.0022211144217751406,1.0796698144467154,-0.00272000386456428
2024-08-13,0.9394136623863272,0.2964424451597982,0.0,0.011600394358503907,0.011100394358503907,1.0916545751640467,0.0
2024-08-14,0.9446000333838533,0.534819260531735,0.0,0.0,0.0,1.0916545751640467,0.0
2024-08-16,0.9432741065023658,0.37984654612677465,0.0,-0.0,-0.0,1.0916545751640467,0.0
2024-08-19,0.9407091649950186,0.11527214681476718,0.0,-0.0,-0.0,1.0916545751640467,0.0
2024-08-20,0.9312095324209269,-0.5061308329863881,0.0,-0.0,-0.0,1.0916545751640467,0.0
2024-08-21,0.9199675988225975,-1.253087480529869,0.0,-0.0,-0.0,1.0916545751640467,0.0
2024-08-22,0.9187396427526204,-1.2095582831930822,0.0,-0.0,-0.0,1.0916545751640467,0.0
2024-08-23,0.9167834745542969,-1.2304104794516242,0.0,-0.0,-0.0,1.0916545751640467,0.0
2024-08-26,0.9288762840542493,-0.464466536568258,0.0,0.0,0.0,1.0916545751640467,0.0
2024-08-27,0.9324876229369075,-0.26886549891404105,0.0,0.0,0.0,1.0916545751640467,0.0
2024-08-28,0.9386529534561383,0.16247226888457655,0.0,0.0,0.0,1.0916545751640467,0.0
2024-08-29,0.947245730701475,0.7443551471556432,0.0,0.0,0.0,1.0916545751640467,0.0
2024-08-30,0.9442851427283445,0.4793745614624927,0.0,-0.0,-0.0,1.0916545751640467,0.0
2024-09-02,0.9384903081271991,0.04020792431905737,0.0,-0.0,-0.0,1.0916545751640467,0.0
2024-09-03,0.9429123984054035,0.36799511404448104,0.0,0.0,0.0,1.0916545751640467,0.0
2024-09-04,0.9456266524548322,0.5230890303964988,0.0,0.0,0.0,1.0916545751640467,0.0
2024-09-05,0.9510625208033581,0.89760996370787,0.0,0.0,0.0,1.0916545751640467,0.0
2024-09-06,0.9535102825563078,1.0834499553634627,0.0,0.0,0.0,1.0916545751640467,0.0
2024-09-09,0.9450070776259043,0.4850034060897581,0.0,-0.0,-0.0,1.0916545751640467,0.0
2024-09-10,0.9465501586336718,0.7642633660964157,0.0,0.0,0.0,1.0916545751640467,0.0
2024-09-11,0.9439189125630065,0.49087212580540907,0.0,-0.0,-0.0,1.0916545751640467,0.0
2024-09-12,0.936955872906271,-0.12860469714017433,0.0,-0.0,-0.0,1.0916545751640467,0.0
2024-09-13,0.9403760073679583,0.2101935805895344,0.0,0.0,0.0,1.0916545751640467,0.0
2024-09-16,0.9375025194082758,-0.048206167577794605,0.0,-0.0,-0.0,1.0916545751640467,0.0
2024-09-17,0.9280449979738243,-0.923452220685818,0.0,-0.0,-0.0,1.0916545751640467,0.0
2024-09-18,0.947195709764661,0.8043078518064658,0.0,0.0,0.0,1.0916545751640467,0.0
2024-09-19,0.9382368973717892,-0.2242642988070453,0.0,-0.0,-0.0,1.0916545751640467,0.0
2024-09-20,0.9403222658040038,-0.15470198620129266,0.0,0.0,0.0,1.0916545751640467,0.0
2024-09-23,0.9355486990504778,-0.9880814831199333,0.0,-0.0,-0.0,1.0916545751640467,0.0
2024-09-24,0.9503968363104809,1.2763679870236098,0.0,0.0,0.0,1.0916545751640467,0.0
2024-09-25,0.9652274865815098,2.7129136671660135,-1.0,0.0,-0.0005,1.0911087478764647,-0.0004999999999999449
2024-09-26,0.9654287262510053,2.2398285490520373,-1.0,-0.0001019086479077393,-0.0001019086479077393,1.0909975544592483,-0.0006018576935837849
2024-09-27,0.9634887659749944,1.753157533622664,-1.0,0.0009656737327612765,0.0009656737327612765,1.0920511021400963,0.0
2024-09-30,0.9613841538147474,1.3743847540930845,-1.0,0.001052698825739384,0.001052698825739384,1.0932007030529665,0.0
2024-10-01,0.9446558216113567,-0.2256664012625905,0.0,0.008497066082760798,0.007997066082760797,1.1019431013170016,0.0
2024-10-03,0.9486475408776425,0.14061433264034182,0.0,0.0,0.0,1.1019431013170016,0.0
2024-10-04,0.9415034903205326,-0.493633071955309,0.0,-0.0,-0.0,1.1019431013170016,0.0
2024-10-07,0.9273677330055197,-1.6051924891549347,1.0,-0.0,-0.0005,1.1013921297663432,-0.0004999999999999449
2024-10-08,0.9405486544920194,-0.40931659707939444,0.0,0.006753078639474444,0.006253078639474444,1.1082792213666706,0.0
2024-10-09,0.9310600727247893,-1.1391520530481611,0.0,-0.0,-0.0,1.1082792213666706,0.0
2024-10-10,0.9087158830253275,-2.394232554420719,1.0,-0.0,-0.0005,1.1077250817559874,-0.0004999999999998339
2024-10-11,0.8985534773347856,-2.4448467731875714,1.0,-0.005126483638365177,-0.005126483638365177,1.1020463472485587,-0.005623920396545801
2024-10-14,0.9061188733912138,-1.7396098486695868,1.0,0.003893197104854987,0.003893197104854987,1.106336830897083,-0.0017526183222964509
2024-10-15,0.9117704258894692,-1.3062540328870307,1.0,0.0028408945519472536,0.0028408945519472536,1.109479817172597,0.0
2024-10-16,0.9308338541854777,-0.35442038487908584,0.0,0.009631021949715112,0.009131021949715112,1.1196105017359659,0.0
2024-10-17,0.9214686766043592,-0.7550436968896275,0.0,-0.0,-0.0,1.1196105017359659,0.0
2024-10-18,0.9229862428383875,-0.6339431094025222,0.0,0.0,0.0,1.1196105017359659,0.0
2024-10-21,0.9942444758569069,2.31539446903811,-1.0,0.0,-0.0005,1.119050696485098,-0.0004999999999999449
2024-10-22,1.0003811499810888,2.113690666448906,-1.0,-0.0030652885336666085,-0.0030652885336666085,1.1156204832165706,-0.0035637558893997223
2024-10-23,1.0101209364288266,2.0654091429556267,-1.0,-0.004958843409469564,-0.004958843409469564,1.1100882959359029,-0.008504927191464118
2024-10-24,1.0211737850043106,2.0588213220009486,-1.0,-0.0055991431038811025,-0.0055991431038811025,1.1038727527090142,-0.014056449990912157
2024-10-25,1.0139085372199812,1.6577833614308781,-1.0,0.003671821425169443,0.003671821425169443,1.107925976333072,-0.010436241339981112
2024-10-28,1.01918807669718,1.6009422585570214,-1.0,-0.0026463693063024742,-0.0026463693063024742,1.1049939950356489,-0.013054992497528395
2024-10-29,1.0235418939429302,1.5242171311463784,-1.0,-0.002217608487357435,-0.002217608487357435,1.1025435509737789,-0.015243650122720886
2024-10-30,1.0279863282250146,1.442138526813816,-1.0,-0.00221785858343446,-0.00221785858343446,1.1000982652956413,-0.017427700445887817
2024-10-31,1.0305972540214121,1.34068465140091,-1.0,-0.0013185414989590307,-0.0013185414989590307,1.0986477400799162,-0.0187232627985775
2024-11-01,1.0240273551163668,1.0934333742388322,-1.0,0.0033344512082294974,0.0033344512082294974,1.102311127364244,-0.01545124339660886
2024-11-04,1.0190646701489232,0.9018443654035331,-1.0,0.002480975390509684,0.002480975390509684,1.1050459341439198,-0.013008602160718863
2024-11-05,1.028658501667488,0.986477579690212,-1.0,-0.004946929288310838,-0.004946929288310838,1.0995793500473745,-0.01789117881400082
2024-11-06,1.0241472418316295,0.8135552167757706,-1.0,0.0022816155268622043,0.0022816155268622043,1.1020881673654594,-0.015650384078514712
2024-11-07,1.0279357956270498,0.8032175031787541,-1.0,-0.001901059143096881,-0.001901059143096881,1.0999930325783904,-0.017521690915866195
2024-11-08,1.0330653123002493,0.83370949206729,-1.0,-0.0025972904424723044,-0.0025972904424723044,1.0971360311880884,-0.02007347243798674
2024-11-11,1.0408066090827823,0.93489725322363,-1.0,-0.003923327143644452,-0.003923327143644452,1.092831607616658,-0.023918044782347936
2024-11-12,1.0259637351538125,0.513709331046693,-1.0,0.007351981180996357,0.007351981180996357,1.1008660850298537,-0.01674190861647762
2024-11-13,1.0235486915029908,0.36776155058862425,0.0,0.001197731217325489,0.000697731217325489,1.101634193663474,-0.01605585875143145
2024-11-14,1.0187474791485682,0.09169564917212028,0.0,-0.0,-0.0,1.101634193663474,-0.01605585875143145
2024-11-18,1.0175429567657401,-0.3448569892850501,0.0,-0.0,-0.0,1.101634193663474,-0.01605585875143145
2024-11-19,1.0362599771089638,1.415721631920662,0.0,0.0,0.0,1.101634193663474,-0.01605585875143145
2024-11-21,1.0303742654603312,0.7412358679716541,0.0,-0.0,-0.0,1.101634193663474,-0.01605585875143145
2024-11-22,1.0192729865784163,-0.8881943856983128,0.0,-0.0,-0.0,1.101634193663474,-0.01605585875143145
2024-11-25,1.0257816445053285,0.038874188729704065,0.0,0.0,0.0,1.101634193663474,-0.01605585875143145
2024-11-26,1.0296696195689865,0.5442928618838633,0.0,0.0,0.0,1.101634193663474,-0.01605585875143145
2024-11-27,1.0447593550610792,2.389389527181565,-1.0,0.0,-0.0005,1.1010833765666423,-0.016547830822055576
2024-11-28,1.0473995713449211,2.2262405506627063,-1.0,-0.0013174564836885754,-0.0013174564836885754,1.0996327471331029,-0.017843486258736663
2024-11-29,1.0456552706970506,1.7439670864334478,-1.0,0.0008837517559470953,0.0008837517559470953,1.1006045495042787,-0.016975503715103035
2024-12-02,1.0567455477869787,2.344701348034024,-1.0,-0.005600207618445461,-0.005600207618445461,1.094440935521249,-0.022480644988316256
2024-12-03,1.0709059099511489,2.681968202498957,-1.0,-0.007190620360153447,-0.007190620360153447,1.0865712262473044,-0.029509615564907388
2024-12-04,1.085002279562227,2.726786694652184,-1.0,-0.0072045351654509435,-0.0072045351654509435,1.0787429856380386,-0.03650154766730196
2024-12-05,1.078254499279521,1.9670162622783265,-1.0,0.003432485589267372,0.003432485589267372,1.0824457553907645,-0.033194353114388564
2024-12-06,1.0719420465997773,1.4597529867178014,-1.0,0.0031831534347278863,0.0031831534347278863,1.0858913463149433,-0.03011686239879019
2024-12-09,1.0744283201976383,1.401780093996651,-1.0,-0.0012643185049118252,-0.0012643185049118252,1.0845184337914737,-0.031343103597261335
2024-12-10,1.0687924072379378,1.0368658935555066,-1.0,0.0028534014430568336,0.0028534014430568336,1.087613000255476,-0.028579136611238898
2024-12-11,1.0661122846455582,0.8444357459178428,-1.0,0.0013526039786131332,0.0013526039786131332,1.089084109926813,-0.027265188886511416
2024-12-12,1.0783274961160556,1.2394609221841097,-1.0,-0.006121702754957454,-0.006121702754957454,1.0824170607306935,-0.03321998225954792
2024-12-13,1.0647905664392692,0.5843526703552443,-1.0,0.006936065401477499,0.006936065401477499,1.0899247762555966,-0.026514332827658693
2024-12-16,1.0619357158585245,0.3847250674029302,0.0,0.00143972507426055,0.0009397250742605499,1.0909490058969018,-0.025599523936783553
2024-12-17,1.055786619363607,0.008997783709089772,0.0,-0.0,-0.0,1.0909490058969018,-0.025599523936783553
2024-12-18,1.0456341831763778,-0.5419547577234323,0.0,-0.0,-0.0,1.0909490058969018,-0.025599523936783553
2024-12-19,1.0459825020508298,-0.5886946488957931,0.0,0.0,0.0,1.0909490058969018,-0.025599523936783553
2024-12-20,1.043998885691071,-0.8514559536311825,0.0,-0.0,-0.0,1.0909490058969018,-0.025599523936783553
2024-12-23,1.059504327668222,-0.01883977864942443,0.0,0.0,0.0,1.0909490058969018,-0.025599523936783553
2024-12-24,1.0558200620497695,-0.4070479125749184,0.0,-0.0,-0.0,1.0909490058969018,-0.025599523936783553
2024-12-26,1.0496276995906326,-0.9242795339668671,0.0,-0.0,-0.0,1.0909490058969018,-0.025599523936783553
2024-12-27,1.0498502996916246,-0.9259366907234398,0.0,0.0,0.0,1.0909490058969018,-0.025599523936783553
2024-12-30,1.0492063947322077,-1.0085633570821342,0.0,-0.0,-0.0,1.0909490058969018,-0.025599523936783553
2024-12-31,1.0211880258574002,-2.5314830898652665,1.0,-0.0,-0.0005,1.0904035313939535,-0.026086724174814946
