,ADANIENT.NS,ADANIPORTS.NS,APOLLOHOSP.NS,ASIANPAINT.NS,AXISBANK.NS,BAJAJ-AUTO.NS,BAJFINANCE.NS,BAJAJFINSV.NS,BEL.NS,BAJAJHLDNG.NS,BHARTIARTL.NS,BPCL.NS,BRITANNIA.NS,CIPLA.NS,COALINDIA.NS,DRREDDY.NS,EICHERMOT.NS,GRASIM.NS,HCLTECH.NS,HDFCBANK.NS,HDFCLIFE.NS,HEROMOTOCO.NS,HINDALCO.NS,HINDUNILVR.NS,ICICIBANK.NS,ITC.NS,INDUSINDBK.NS,INFY.NS,JSWSTEEL.NS,KOTAKBANK.NS,LT.NS,M&M.NS,MARUTI.NS,NESTLEIND.NS,NTPC.NS,ONGC.NS,POWERGRID.NS,RELIANCE.NS,SBILIFE.NS,SBIN.NS,SUNPHARMA.NS,TCS.NS,TATACONSUM.NS,TATASTEEL.NS,TECHM.NS,TITAN.NS,ULTRACEMCO.NS,UPL.NS,WIPRO.NS
ADANIENT.NS,1.0,0.8145094049123951,0.5969059659964422,0.3624513970594492,0.586535064888845,0.6680879358596817,0.46154889387708686,0.16175581329813216,0.8478988294961012,0.5859052153557789,0.7797230301083382,0.7265555534946591,0.6499165628228025,0.3299651248208044,0.8186269317067061,0.5169642203024927,0.7508073616336332,0.6865974153174221,0.3470347651326071,0.41307328628783124,0.7477818113158574,0.7006974936641452,0.7767426724338647,0.12066316980548086,0.6641273890888533,0.3695674535719303,0.7713203665745889,0.1283479183056841,0.6691141407245946,0.29912565255710827,0.6137849306579549,0.699618718826934,0.6425061206722611,0.40477632099566296,0.7575101068958935,0.6190515273856044,0.6904782417663499,0.24696413731738803,0.7788690197099943,0.7451427766578131,0.6750980322225426,0.1316763025298729,0.5119810247041057,0.5694397311130103,0.3850960502975366,0.6169019116988048,0.5799338850055417,0.5784088238673953,0.5278293790591988
ADANIPORTS.NS,1.0,1.0,0.029521361319877332,0.9724068157573813,0.04840859953520025,0.035980337394496166,0.4296727157291335,0.49997704625488,0.6137752973630547,0.29087165270010285,0.2549966254898117,0.22359453033867932,0.05091509472720273,0.016364936285080112,0.28057294078563944,0.19903730856504892,0.2615296156074606,0.015883182852838608,0.15126833891235553,0.3748635321849174,0.7103733771906084,0.2723280173915238,0.026005079638726936,0.7308774517772955,0.10098054689068647,0.8664919342437483,0.935860921457629,0.6555556217933742,0.14965526750264824,0.5894308209049999,0.11800961095809465,0.24754619567041664,0.15924695289633256,0.3004094110309132,0.25507373038919096,0.1011762612404582,0.0699454702546281,0.34611522652495064,0.029432488570560942,0.09489006133169264,0.042142596537220876,0.8473797262299899,0.2740443722185813,0.02099590788365358,0.14392421594682536,0.10840846745767702,0.005069721312964948,0.9157590036700338,0.8369326956420147
APOLLOHOSP.NS,1.0,1.0,1.0,0.9748434230267066,0.1259698224787787,0.4005687947602894,0.03813878162586163,0.06923626339629055,0.5391780218966608,0.37897237308588766,0.5148068875600141,0.28140928750322536,0.10577643852943597,0.09486097217815925,0.6253349281837051,0.25089263895671476,0.3994658558980695,0.010104526419885754,0.010319551561936383,0.033751882992457495,0.5577985833323749,0.47151073274749145,0.039576015150144236,0.5759560285029115,0.10569406079586346,0.9169271587371441,0.9531800207294524,0.719733030733954,0.006227476978989098,0.2365208656246383,0.5217637784299323,0.5630402708034307,0.43771739941522636,0.2877060131806571,0.43566946553326424,0.4099505012938519,0.33878527204438513,0.1108497405013022,0.02204119602625267,0.1482538175322603,0.15837406532575066,0.9502487245187738,0.059662783451232514,0.00815960691877212,0.01116137411864126,0.01518551029920762,0.005676918892731501,0.8334200050316198,0.908579806733143
ASIANPAINT.NS,1.0,1.0,1.0,1.0,0.7768825474154717,0.7399539738694135,0.7741002782023281,0.661271005789515,0.7725891108714218,0.7223200842070754,0.7586542621824529,0.717671826289447,0.8815711171706537,0.66948261777575,0.7362151882268914,0.7085497990972272,0.744466537883878,0.7099488199497423,0.6916416733543012,0.6781226444598294,0.6414585287772621,0.6937354022965514,0.8167457086630403,0.10575652852891615,0.8028024372092475,0.6588687879723887,0.6347533881363577,0.22265101644317842,0.8432798921960871,0.2225106619222712,0.7414483961532774,0.7324557534698788,0.6937086983500554,0.7803694727580568,0.7478715945821369,0.6789569154144743,0.7502775103810166,0.5865452489032592,0.8876544907263355,0.7539212209873587,0.7851508643548453,0.250930831134948,0.7762107369774993,0.7090804129547884,0.6324527015760006,0.8762046036589344,0.7287185380644021,0.33037161821378186,0.32750328123510974
AXISBANK.NS,1.0,1.0,1.0,1.0,1.0,0.07852570051153021,0.5112634934167474,0.4452934291389183,0.14258738762669926,0.13125310988810307,0.14618269909845422,0.11330466912297948,0.03852539650251182,0.10019676300944985,0.029930386305736648,0.17786226741960703,0.1850233842073558,0.05515262462204503,0.09527818438037777,0.4918606491358198,0.791894052699194,0.19438307612959227,0.0828110762322879,0.7024906454343891,0.14569626084634363,0.22328165416265033,0.8476556698432158,0.6079802870090691,0.091765563233844,0.5450591602860992,0.0037499400600332607,0.11114478477012235,0.13570664375764996,0.41929128715996966,0.05193899725344656,0.04649271222795633,0.029414745698903916,0.4588427994555035,0.07146883237152317,0.05584864435994688,0.046881803351783546,0.7275720740012773,0.27519518283508426,0.053403405043782715,0.24507634415501678,0.04386081362765086,0.043171637927492915,0.8783663536339317,0.7199992350764074
BAJAJ-AUTO.NS,1.0,1.0,1.0,1.0,1.0,1.0,0.69513104846312,0.8738064009684617,0.3906731292376251,0.5982972942178234,0.3408072596519317,0.023119803567091382,0.17984988881577846,0.5005964629292318,0.30549679602982377,0.4969929559883305,0.4754390106079981,0.3682972594232166,0.4430728602802871,0.679707188806913,0.7755139944484661,0.2549835051885314,0.4538438601882577,0.9275039849398354,0.5652565178819774,0.9172224610236885,0.9592509989493037,0.941361960371914,0.6106513263051673,0.8707072838270298,0.13723182012723367,0.3753683173742328,0.35645676807418997,0.6901043336976879,0.0063284496393747605,0.03874997418826681,0.0135456910537981,0.7040632291549864,0.40130233625677963,0.2908317435385229,0.0957724715355181,0.9679369568292167,0.7448525287683841,0.4510811201203663,0.626121958876743,0.6560960627640936,0.18198578473374954,0.9796378030377567,0.965395731423289
BAJFINANCE.NS,1.0,1.0,1.0,1.0,1.0,1.0,1.0,0.0691284135852331,0.5029500381152756,0.4112119001912842,0.34721615154052116,0.3198986821267557,0.3344190568180155,0.1981741606806086,0.4443609712568235,0.23525574770988672,0.34546651379887605,0.16737449208018734,0.08958120579671575,0.012363835223448992,0.2455127596832642,0.40913519356662054,0.21064915903995657,0.33345472204618676,0.0974211179627249,0.7334744393977866,0.7308867271431608,0.41421213398975754,0.0943904679791811,0.0071037631748170505,0.4296878829745826,0.41500290858226,0.40195808001994887,0.3094623253441058,0.42401265255643383,0.4578318946362516,0.43646973014726165,0.1529156676993167,0.05804939059840389,0.30719771546095825,0.39087306792080045,0.7930394242908835,0.1242018489348185,0.09406447159304898,0.06177349516310049,0.22933984214413022,0.1982567433960375,0.45074227459696053,0.5776691145878509
BAJAJFINSV.NS,1.0,1.0,1.0,1.0,1.0,1.0,1.0,1.0,0.6076973604635535,0.4484903038057183,0.5457968774369312,0.47430851349299724,0.49402469811305677,0.19001806024552592,0.622924251331135,0.20093084613991435,0.5570875147868668,0.14913254618373056,0.06780316554918499,0.05884182810161073,0.41749846932468315,0.5477781900595716,0.4170422250269864,0.2346909215604256,0.21061732048760856,0.6847393844599595,0.7413982370986962,0.10269092500840044,0.1566743362078516,0.04464530679478758,0.47424489906168105,0.6006133437152215,0.4601642875879524,0.3891558171959989,0.48832564295789177,0.3900460459452224,0.45194011575359555,0.21583794377852483,0.3749450557695928,0.3755501715409648,0.3195870543525278,0.5941357262762403,0.16208984445462382,0.10557930408762722,0.0161416977696947,0.24252025658681747,0.24452559487551428,0.37882879404505954,0.4818853089486148
BEL.NS,1.0,1.0,1.0,1.0,1.0,1.0,1.0,1.0,1.0,0.9700096788751719,0.13440326715571344,0.046551875587850344,0.30527346920947984,0.9427490988598864,0.3965240615715633,0.9180801035553432,0.009197836056151196,0.9075831095338367,0.9428285625967288,0.8850877864042229,0.9476017262227617,0.19641964738446932,0.46163728739292365,0.9899788141203242,0.91849758221822,0.9932898925920867,0.9932065900452742,0.9934352838835384,0.7153843328309465,0.9462810308163032,0.9529479171770538,0.3437342877950774,0.15150712845101866,0.9591016521488276,0.41474217847153705,0.659720930958453,0.9226639851908556,0.96564806960615,0.3815221966747603,0.49003480942215083,0.24052353654569175,1.0,0.9691120922726958,0.8067504982516247,0.9273446653643908,0.8430764966115223,0.9174670933854949,0.9930837442934215,0.9939493892842926
BAJAJHLDNG.NS,1.0,1.0,1.0,1.0,1.0,1.0,1.0,1.0,1.0,1.0,0.4674374078533572,0.3774231582735315,0.11081486521715594,0.2040588732329212,0.6705605891421624,0.5541211941762931,0.49137456968147325,0.3559495232508504,0.4291131032348157,0.19740916384611185,0.6957141563033007,0.4679912309757114,0.5061300714280468,0.7364144635213848,0.23311451655287718,0.7392661576056241,0.9348673701443946,0.8970460364610425,0.4122915582415527,0.6162498183781773,0.3482035034076708,0.13071279017611642,0.1316497359971886,0.5802020879080299,0.39429034826061576,0.33060459736450765,0.28273957871466376,0.72583663590891,0.2773460365419511,0.7923791450671616,0.1832268837025448,0.9446142016727426,0.6370702543694089,0.35581045809072515,0.5021058395775442,0.6946880211367173,0.1240221545365694,0.8831124920369633,0.9296526205664349
BHARTIARTL.NS,1.0,1.0,1.0,1.0,1.0,1.0,1.0,1.0,1.0,1.0,1.0,0.024236061105442238,0.17897413216931873,0.8305140557908139,0.5559431681948255,0.6543670273512199,0.10516828559385771,0.6678552521537081,0.739062602704787,0.5250979750506594,0.7276751757467921,0.34202770169945296,0.37668842502166966,0.9399250639015876,0.5529438100650473,0.9914261906671415,0.9795705547756054,0.9596748260693567,0.42692340850281013,0.811442668971577,0.5852311228090356,0.23540879989708952,0.22441145765187764,0.7950499736842505,0.4743087511063171,0.5268431213717205,0.3798117350776264,0.7879133328473225,0.11232206936088973,0.37847206874385864,0.4525948872083064,0.9916380615341538,0.8847957962130639,0.5214642190914928,0.7204978690399133,0.7533080212168664,0.4894338203046165,0.9788917519399534,0.9831671624511893
BPCL.NS,1.0,1.0,1.0,1.0,1.0,1.0,1.0,1.0,1.0,1.0,1.0,1.0,0.08711066786859784,0.41586305745626384,0.30852805182975807,0.42429632584567156,0.14671420925712364,0.3527633438196264,0.40229895679767314,0.5185371278710011,0.7483476782119122,0.011785855349467954,0.13587044703320295,0.8586207953339433,0.31998544067042145,0.9171093684601893,0.9405721312766845,0.8977662744029695,0.4170774610307646,0.682127266433808,0.27301643100775297,0.07325550621199226,0.15058542223643206,0.47914548217879144,0.23153849989189418,0.2613734872375524,0.204664712471199,0.6700799217768714,0.08767702384129705,0.23026982202136181,0.1598315444421135,0.9515480246017249,0.5087405122904085,0.23836769008657832,0.4976296475422253,0.43469849970180185,0.22691397054098628,0.9612334511490211,0.93671130795346
BRITANNIA.NS,1.0,1.0,1.0,1.0,1.0,1.0,1.0,1.0,1.0,1.0,1.0,1.0,1.0,0.07169889721230496,0.1833173517704519,0.08311601494817245,0.0904536192682674,0.07087566590631812,0.10113210085666458,0.1659741421599638,0.706961409115856,0.12720159464355418,0.08793931611759598,0.9092584196170326,0.028037285083760913,0.7833743279218929,0.8911199020494326,0.8426026475966704,0.0636555236847809,0.5529716850172592,0.03129617455467518,0.10620629755601879,0.17033734795661493,0.4408501829222334,0.06669378023347797,0.1263471390775951,0.03688188983192075,0.25644211338771983,0.02807803890068039,0.04846697158128765,0.035213646591470346,0.9461490510451491,0.26927311491603845,0.06546727651448732,0.32710138253322785,0.09007998917338811,0.050282885172890944,0.9006303126581148,0.9124695053293511
CIPLA.NS,1.0,1.0,1.0,1.0,1.0,1.0,1.0,1.0,1.0,1.0,1.0,1.0,1.0,1.0,0.7241533971862795,0.2805160719723101,0.51287954314835,0.0207727746080897,0.005455083433607778,0.10802783280978151,0.4757496792194186,0.44446435681222995,0.36339755716419575,0.4418322152945305,0.06637139803128526,0.6415399828381427,0.9074330383448252,0.47651710159579347,0.1257798577446595,0.37299672455084154,0.12202326722511936,0.4940236463320594,0.2544946978921759,0.24331607381851378,0.5821155041500475,0.4426004577507602,0.17200552935038443,0.07223268807014134,0.3060572389715187,0.26360425448848035,0.4369468590710363,0.6129615132515085,0.034303532929539506,0.10947825323687704,0.07364905333381928,0.25979335868519826,0.0022713440336926123,0.8694650586755447,0.7732043375405008
COALINDIA.NS,1.0,1.0,1.0,1.0,1.0,1.0,1.0,1.0,1.0,1.0,1.0,1.0,1.0,1.0,1.0,0.8734506622441058,0.49905966458995366,0.816294671401379,0.9030372298612495,0.9298410659005061,0.9769076902070721,0.15674411344270855,0.6749552156409555,0.9822147664276852,0.8217478286418362,0.9850963189642499,1.0,0.9876366105248521,0.7694258384904265,0.9712661338760431,0.3551142003390366,0.5636856767239443,0.24382412310844653,0.9221637731179569,0.010346117303991603,0.008781497167030656,0.344934940646645,0.94495943590905,0.6832365891430264,0.5346811538263943,0.5134005855120106,0.9934818442545095,0.9659286563811179,0.7538415472739595,0.861696905896986,0.6812335362090578,0.789452590156601,0.9932128830835499,0.992715306748193
DRREDDY.NS,1.0,1.0,1.0,1.0,1.0,1.0,1.0,1.0,1.0,1.0,1.0,1.0,1.0,1.0,1.0,1.0,0.3609344381656123,0.2839022127695401,0.11863030387839041,0.21073898464105062,0.22486368256008177,0.3204843620013811,0.3791381742291967,0.20834660557649531,0.2300832248138059,0.7639020796077147,0.7860360176396661,0.5756738321939133,0.3046560765336096,0.23747099194546145,0.359210777065006,0.4606248256473492,0.4176778020178063,0.01784076894664752,0.4120588019927546,0.43094318697088496,0.2928926073033428,0.030042202598407643,0.21331051371946036,0.36993329780308076,0.41701348763022017,0.72203905854456,0.035131379459597316,0.21819564059394614,0.32942892271772206,0.24132471910083125,0.13425627823598496,0.8155359407736944,0.7678307859842204
EICHERMOT.NS,1.0,1.0,1.0,1.0,1.0,1.0,1.0,1.0,1.0,1.0,1.0,1.0,1.0,1.0,1.0,1.0,1.0,0.6707474556815514,0.6011760855106675,0.7560132419561147,0.9030997969973191,0.19867208677107379,0.10646326536979944,0.9758842300123587,0.7314236514393918,0.9878041551422097,0.988413722703229,0.9657148857933451,0.4225284954529579,0.8872738731816525,0.7018681632202601,0.11658881654222386,0.03280630615167488,0.867161669430325,0.5466402543471246,0.4745706998804954,0.5867155963852689,0.9015930287064426,0.286222123351622,0.1670759210792736,0.3894920980091938,0.9910227648587429,0.8721082230516044,0.4839653611745972,0.7383884266273142,0.6737063235497833,0.6900954468101546,0.9881626231499732,0.9822557776706978
GRASIM.NS,1.0,1.0,1.0,1.0,1.0,1.0,1.0,1.0,1.0,1.0,1.0,1.0,1.0,1.0,1.0,1.0,1.0,1.0,0.020269816030108388,0.12057056964900614,0.6338524076818755,0.4654553386027115,0.1041601166693169,0.8611218932173859,0.12619448942643985,0.8988632056795132,0.9608618774326256,0.6250882279084576,0.018791895599019736,0.4413554876240081,0.12454320065774782,0.4319737487408628,0.2529258695018133,0.3963532045458518,0.5296650276546807,0.3281917119867337,0.17923314979993016,0.36146454114597903,0.08087889253965108,0.2744782106615037,0.04601748778463136,0.9282335319549417,0.431365643057731,0.024308483849320345,0.043530903472021175,0.15024557345378736,0.016625155128366646,0.9138327819620092,0.8980632801569424
HCLTECH.NS,1.0,1.0,1.0,1.0,1.0,1.0,1.0,1.0,1.0,1.0,1.0,1.0,1.0,1.0,1.0,1.0,1.0,1.0,1.0,0.09294794585709892,0.3871480448707476,0.40493918002562856,0.5528590894842167,0.4616880741653211,0.03079054609523546,0.5012964466484479,0.8736806746239544,0.8027098158758141,0.2083269498290134,0.312637450708963,0.45849162602576526,0.4596987463657437,0.2944164437003841,0.21249148681267016,0.27635261557791824,0.24230828148454014,0.06525195661811987,0.23592125756693666,0.4356460423084874,0.21149185087787437,0.10535233537074357,0.9126983529838788,0.09826073566319687,0.044575411106046306,0.11390763027055101,0.244380701331337,0.0013905778729491215,0.7916543441280814,0.836140899305875
HDFCBANK.NS,1.0,1.0,1.0,1.0,1.0,1.0,1.0,1.0,1.0,1.0,1.0,1.0,1.0,1.0,1.0,1.0,1.0,1.0,1.0,1.0,0.1670466772413684,0.38206308295403324,0.1295505610118105,0.15822922587490057,0.022546314719482406,0.3927104870659214,0.5969607516236323,0.17921047836821175,0.03844359689325707,0.007354950917119608,0.2992681736693607,0.21731797717033274,0.19571156095373615,0.21034580587684842,0.3669226162589001,0.31201122870630316,0.2979136477654045,0.13779240061993786,0.056695239867079514,0.33017777439291646,0.17950331104834893,0.419143905674252,0.05841148107202926,0.08893371400131239,0.024622570049463215,0.1344715322150158,0.0388998982303878,0.36576581354235715,0.36513982605190565
HDFCLIFE.NS,1.0,1.0,1.0,1.0,1.0,1.0,1.0,1.0,1.0,1.0,1.0,1.0,1.0,1.0,1.0,1.0,1.0,1.0,1.0,1.0,1.0,0.11660498851900158,0.13229417896363332,0.08055188692772525,0.09256393062934726,0.19978295367245275,0.1300925261475147,0.0860236138259522,0.11204500662525041,0.008590082376139752,0.21907545889653246,0.12191858292789087,0.12478065203532335,0.16108747421414266,0.21162099309529708,0.22546446369643008,0.16893192271262647,0.08354156287422576,0.3400299734312695,0.1635955573605269,0.17034963559060118,0.14847603570340678,0.05213622207185236,0.10310673675627119,0.06702853250062037,0.1501820629420928,0.06032429645978774,0.21313848684618847,0.07026782129208346
HEROMOTOCO.NS,1.0,1.0,1.0,1.0,1.0,1.0,1.0,1.0,1.0,1.0,1.0,1.0,1.0,1.0,1.0,1.0,1.0,1.0,1.0,1.0,1.0,1.0,0.2923876265856905,0.9520734273569756,0.5675262882462471,0.9257808886149195,0.9761642470886802,0.9427106736359883,0.31156999131052415,0.8981858111807087,0.40508497773079133,0.38589426509617425,0.16972816276396296,0.7237396468015047,0.07930694210069772,0.08637626328507791,0.26293999257455114,0.7815322753801561,0.31084412522606414,0.3206456233440562,0.3099799272503646,0.9721209943557022,0.7904104616561248,0.37456600363759995,0.7121733425041892,0.5899073848321079,0.3538792125963211,0.9642422388834294,0.9632011269533767
HINDALCO.NS,1.0,1.0,1.0,1.0,1.0,1.0,1.0,1.0,1.0,1.0,1.0,1.0,1.0,1.0,1.0,1.0,1.0,1.0,1.0,1.0,1.0,1.0,1.0,0.9142025587772731,0.4293579586717281,0.972097207863838,0.9838701083428075,0.9730549402952978,0.10321254287409981,0.65601944995889,0.6016293003444628,0.5441267718441364,0.29358151271524247,0.8022439981884715,0.5494134601858857,0.2731874308933458,0.4571860001776558,0.4627434813365848,0.03603529845084644,0.00135063419336929,0.258074630413043,0.9901747199502088,0.69025459222488,0.05938793372664822,0.46599636621670026,0.28981259490570366,0.26000767928208957,0.9717796241162465,0.9845346842060854
HINDUNILVR.NS,1.0,1.0,1.0,1.0,1.0,1.0,1.0,1.0,1.0,1.0,1.0,1.0,1.0,1.0,1.0,1.0,1.0,1.0,1.0,1.0,1.0,1.0,1.0,1.0,0.1769692420181193,0.2124038776961808,0.21886266067008286,0.03384537916034455,0.15038831046605827,0.011509600602323438,0.23786620357053734,0.2882776314669886,0.17960606231054116,0.1281496816256658,0.26722416633590274,0.22967205960114623,0.2211446339331064,0.022796482851315268,0.24186564216018697,0.252167159322831,0.24999745208067375,0.06596613961623743,0.10180372847978991,0.12513345836327822,0.13478682021378968,0.24639055557883682,0.19278027404369835,0.17510365544265521,0.07415580750946502
ICICIBANK.NS,1.0,1.0,1.0,1.0,1.0,1.0,1.0,1.0,1.0,1.0,1.0,1.0,1.0,1.0,1.0,1.0,1.0,1.0,1.0,1.0,1.0,1.0,1.0,1.0,1.0,0.863147451129813,0.923732765039983,0.8348072766880823,0.10983866324570057,0.5033879925704349,0.43440869000645455,0.40852290313300976,0.2848241954774843,0.384220175996682,0.5022805472936307,0.37378593879970845,0.3001676904547461,0.4503233032478319,0.10076686697540993,0.6697953671375587,0.2062249638170316,0.942995032508955,0.35979975144390663,0.1869505333886627,0.20507442360197425,0.1870935068623436,0.05167365797132666,0.8773306675827921,0.920833902471331
ITC.NS,1.0,1.0,1.0,1.0,1.0,1.0,1.0,1.0,1.0,1.0,1.0,1.0,1.0,1.0,1.0,1.0,1.0,1.0,1.0,1.0,1.0,1.0,1.0,1.0,1.0,1.0,0.9045789698207858,0.822953097217739,0.7306222466579845,0.7571301133281593,0.6445465184778145,0.8859735898822552,0.6007166407805484,0.7577904776964595,0.9212724904340184,0.7296619827020951,0.892861674451198,0.7630142955491801,0.9146101960783112,0.9758782712735818,0.9349378189444225,0.7650407556255554,0.8772561387197118,0.6316735171094163,0.7021048482061183,0.8952824138586576,0.7424765067667212,0.9018687250113829,0.8516212575315827
INDUSINDBK.NS,1.0,1.0,1.0,1.0,1.0,1.0,1.0,1.0,1.0,1.0,1.0,1.0,1.0,1.0,1.0,1.0,1.0,1.0,1.0,1.0,1.0,1.0,1.0,1.0,1.0,1.0,1.0,0.538984049460985,0.5585381447360563,0.34871839889055556,0.5800482880380204,0.5492505700105887,0.5824214809189857,0.4867068026704766,0.5823499932833668,0.6058182051126197,0.5707216589814996,0.4607662668912744,0.4703931516732377,0.5420260549656939,0.5585181430725833,0.5990825041558901,0.5086611960868702,0.5474533763737517,0.5279935916415662,0.5405318631992374,0.5370014533389833,0.4881146379355359,0.5342196228060684
INFY.NS,1.0,1.0,1.0,1.0,1.0,1.0,1.0,1.0,1.0,1.0,1.0,1.0,1.0,1.0,1.0,1.0,1.0,1.0,1.0,1.0,1.0,1.0,1.0,1.0,1.0,1.0,1.0,1.0,0.6678622677899329,0.10106170943573112,0.6248726359943889,0.7076357981526082,0.5314450027203571,0.4817000081892785,0.6922636236681214,0.6198316255577471,0.6395333950507481,0.21678895952512756,0.7236595661416583,0.7451911983009395,0.7349848730842268,0.13118322544760885,0.38987098213155796,0.3613876421644009,0.5579691348816104,0.7279256271263823,0.506674349524986,0.41309661117598395,0.15501833337504506
JSWSTEEL.NS,1.0,1.0,1.0,1.0,1.0,1.0,1.0,1.0,1.0,1.0,1.0,1.0,1.0,1.0,1.0,1.0,1.0,1.0,1.0,1.0,1.0,1.0,1.0,1.0,1.0,1.0,1.0,1.0,1.0,0.3822943031976798,0.43705824590559944,0.5214028003683814,0.29576479731835925,0.5738720957695518,0.4104210285454094,0.22994567282561534,0.44000107263151983,0.43933163184089075,0.08082583012168376,0.13873152960811908,0.19820649834774834,0.9663324958519816,0.15222346253551422,0.03308952841722238,0.2320469999193271,0.11376875816263882,0.08330263007880151,0.8875659336353379,0.9476056230631748
KOTAKBANK.NS,1.0,1.0,1.0,1.0,1.0,1.0,1.0,1.0,1.0,1.0,1.0,1.0,1.0,1.0,1.0,1.0,1.0,1.0,1.0,1.0,1.0,1.0,1.0,1.0,1.0,1.0,1.0,1.0,1.0,1.0,0.18195892663563923,0.17321949548158777,0.16737248420649414,0.08005932014323075,0.1991735553896658,0.1954292182523808,0.16881637550073808,0.043295761316041084,0.03575340689850866,0.17296742054873676,0.1353376072748288,0.09947010853042837,0.04436772972505205,0.046316931083525546,0.04025608413817575,0.10163204604972309,0.04218947505904242,0.03571054677718459,0.028965168873253632
LT.NS,1.0,1.0,1.0,1.0,1.0,1.0,1.0,1.0,1.0,1.0,1.0,1.0,1.0,1.0,1.0,1.0,1.0,1.0,1.0,1.0,1.0,1.0,1.0,1.0,1.0,1.0,1.0,1.0,1.0,1.0,1.0,0.4339595528226535,0.08965980195984452,0.6726844187058401,0.028289783475141377,0.03372284622676291,0.031565344775176994,0.6168301401324673,0.314787540228911,0.5591408413365171,0.0433803762629246,0.9453600230366812,0.5768424014523201,0.4720810460577927,0.41732975220216356,0.41950983152146715,0.28573825949137377,0.948070762949912,0.9695407661096778
M&M.NS,1.0,1.0,1.0,1.0,1.0,1.0,1.0,1.0,1.0,1.0,1.0,1.0,1.0,1.0,1.0,1.0,1.0,1.0,1.0,1.0,1.0,1.0,1.0,1.0,1.0,1.0,1.0,1.0,1.0,1.0,1.0,1.0,0.02521384583777415,0.7922859759894832,0.09802636824571631,0.16559770941411667,0.3812229843078464,0.8191170042858373,0.3856846969878335,0.5075422396761383,0.08054228534510105,0.9877591586475442,0.8258115230926875,0.6002318863644747,0.7165265281266175,0.7255260156721737,0.4335633678067581,0.9751484365772964,0.967177714856707
MARUTI.NS,1.0,1.0,1.0,1.0,1.0,1.0,1.0,1.0,1.0,1.0,1.0,1.0,1.0,1.0,1.0,1.0,1.0,1.0,1.0,1.0,1.0,1.0,1.0,1.0,1.0,1.0,1.0,1.0,1.0,1.0,1.0,1.0,1.0,0.5740568682951981,0.007098274572896975,0.11840367444680783,0.09882559153094755,0.5926280544998239,0.2265502920157254,0.21853793118650056,0.1703318769951554,0.8813062797169862,0.49147840374532276,0.2399224661122562,0.4436271089683099,0.3039300040288083,0.2232055187365749,0.9086638474537272,0.8642417027379685
NESTLEIND.NS,1.0,1.0,1.0,1.0,1.0,1.0,1.0,1.0,1.0,1.0,1.0,1.0,1.0,1.0,1.0,1.0,1.0,1.0,1.0,1.0,1.0,1.0,1.0,1.0,1.0,1.0,1.0,1.0,1.0,1.0,1.0,1.0,1.0,1.0,0.3174488239234616,0.2942183941788371,0.2885889864251035,0.01801330589543379,0.17349578576999197,0.31513207617350036,0.2531869988605925,0.6866199188349226,0.04812614846625486,0.20881860239701372,0.3142814202918239,0.17717724878533836,0.19291225645737564,0.727202527558322,0.7108966677509112
NTPC.NS,1.0,1.0,1.0,1.0,1.0,1.0,1.0,1.0,1.0,1.0,1.0,1.0,1.0,1.0,1.0,1.0,1.0,1.0,1.0,1.0,1.0,1.0,1.0,1.0,1.0,1.0,1.0,1.0,1.0,1.0,1.0,1.0,1.0,1.0,1.0,0.0060804923085371046,0.03703600293691764,0.8727791738181325,0.4990655366303806,0.34829753303751054,0.13217752240709557,0.9873355496396562,0.8655311439763586,0.6242972978991683,0.6191161518403281,0.5590905841153764,0.5883491800876433,0.9915457516910146,0.9732621435048198
ONGC.NS,1.0,1.0,1.0,1.0,1.0,1.0,1.0,1.0,1.0,1.0,1.0,1.0,1.0,1.0,1.0,1.0,1.0,1.0,1.0,1.0,1.0,1.0,1.0,1.0,1.0,1.0,1.0,1.0,1.0,1.0,1.0,1.0,1.0,1.0,1.0,1.0,0.14288251417363718,0.8549485978792986,0.5518268549193115,0.33072991082576375,0.142661461307867,0.957227275273773,0.7731451899421334,0.30609110095701936,0.4586066969444676,0.40773975299219845,0.3224464520284951,0.9827688897101723,0.947298138513936
POWERGRID.NS,1.0,1.0,1.0,1.0,1.0,1.0,1.0,1.0,1.0,1.0,1.0,1.0,1.0,1.0,1.0,1.0,1.0,1.0,1.0,1.0,1.0,1.0,1.0,1.0,1.0,1.0,1.0,1.0,1.0,1.0,1.0,1.0,1.0,1.0,1.0,1.0,1.0,0.6610814309028619,0.2645806965582619,0.35320562459126936,0.005825911606497166,0.9681839821045838,0.6550136686752543,0.40662735105649017,0.2962659050453127,0.34944996958290786,0.1252505368272886,0.9752737188099979,0.9418261357240479
RELIANCE.NS,1.0,1.0,1.0,1.0,1.0,1.0,1.0,1.0,1.0,1.0,1.0,1.0,1.0,1.0,1.0,1.0,1.0,1.0,1.0,1.0,1.0,1.0,1.0,1.0,1.0,1.0,1.0,1.0,1.0,1.0,1.0,1.0,1.0,1.0,1.0,1.0,1.0,1.0,0.25117402086329355,0.4545125147746727,0.3192087027791267,0.5318424560743819,0.0006814896145671843,0.17599503398592797,0.20574952440160665,0.12772805230599577,0.19894579207330598,0.6803366552276136,0.6193370332808473
SBILIFE.NS,1.0,1.0,1.0,1.0,1.0,1.0,1.0,1.0,1.0,1.0,1.0,1.0,1.0,1.0,1.0,1.0,1.0,1.0,1.0,1.0,1.0,1.0,1.0,1.0,1.0,1.0,1.0,1.0,1.0,1.0,1.0,1.0,1.0,1.0,1.0,1.0,1.0,1.0,1.0,0.025575831560929116,0.2096452126290373,0.9747146963474129,0.4799906937761688,0.09325460247878414,0.3708361883292193,0.04475715426813167,0.08523296180699108,0.9072862442276234,0.9465710249944451
SBIN.NS,1.0,1.0,1.0,1.0,1.0,1.0,1.0,1.0,1.0,1.0,1.0,1.0,1.0,1.0,1.0,1.0,1.0,1.0,1.0,1.0,1.0,1.0,1.0,1.0,1.0,1.0,1.0,1.0,1.0,1.0,1.0,1.0,1.0,1.0,1.0,1.0,1.0,1.0,1.0,1.0,0.15959482998266733,0.9925272547313784,0.7781423703587231,0.13442133788473987,0.4652661083066546,0.23442317926274459,0.6564669188744694,0.9814562867350457,0.9826603444797268
SUNPHARMA.NS,1.0,1.0,1.0,1.0,1.0,1.0,1.0,1.0,1.0,1.0,1.0,1.0,1.0,1.0,1.0,1.0,1.0,1.0,1.0,1.0,1.0,1.0,1.0,1.0,1.0,1.0,1.0,1.0,1.0,1.0,1.0,1.0,1.0,1.0,1.0,1.0,1.0,1.0,1.0,1.0,1.0,0.9854288752036247,0.6865813824694205,0.26004873304287524,0.3365003496140737,0.2816433356429855,0.012616883845010743,0.9782005055543119,0.9792067586739537
TCS.NS,1.0,1.0,1.0,1.0,1.0,1.0,1.0,1.0,1.0,1.0,1.0,1.0,1.0,1.0,1.0,1.0,1.0,1.0,1.0,1.0,1.0,1.0,1.0,1.0,1.0,1.0,1.0,1.0,1.0,1.0,1.0,1.0,1.0,1.0,1.0,1.0,1.0,1.0,1.0,1.0,1.0,1.0,0.6071293434725449,0.7939932627314485,0.7640568856654394,0.9034297102602002,0.6350969891341209,0.5495401476789351,0.3927606800181243
TATACONSUM.NS,1.0,1.0,1.0,1.0,1.0,1.0,1.0,1.0,1.0,1.0,1.0,1.0,1.0,1.0,1.0,1.0,1.0,1.0,1.0,1.0,1.0,1.0,1.0,1.0,1.0,1.0,1.0,1.0,1.0,1.0,1.0,1.0,1.0,1.0,1.0,1.0,1.0,1.0,1.0,1.0,1.0,1.0,1.0,0.05700221778224244,0.25149173791739277,0.23018387670123291,0.16729535349912983,0.8415832594664532,0.7737085282689928
TATASTEEL.NS,1.0,1.0,1.0,1.0,1.0,1.0,1.0,1.0,1.0,1.0,1.0,1.0,1.0,1.0,1.0,1.0,1.0,1.0,1.0,1.0,1.0,1.0,1.0,1.0,1.0,1.0,1.0,1.0,1.0,1.0,1.0,1.0,1.0,1.0,1.0,1.0,1.0,1.0,1.0,1.0,1.0,1.0,1.0,1.0,0.213619681348776,0.06522232922357589,0.11797321672071714,0.9242769548845992,0.9271929623181694
TECHM.NS,1.0,1.0,1.0,1.0,1.0,1.0,1.0,1.0,1.0,1.0,1.0,1.0,1.0,1.0,1.0,1.0,1.0,1.0,1.0,1.0,1.0,1.0,1.0,1.0,1.0,1.0,1.0,1.0,1.0,1.0,1.0,1.0,1.0,1.0,1.0,1.0,1.0,1.0,1.0,1.0,1.0,1.0,1.0,1.0,1.0,0.18364940845982552,0.02248692123170881,0.5562760126388877,0.5960722483591814
TITAN.NS,1.0,1.0,1.0,1.0,1.0,1.0,1.0,1.0,1.0,1.0,1.0,1.0,1.0,1.0,1.0,1.0,1.0,1.0,1.0,1.0,1.0,1.0,1.0,1.0,1.0,1.0,1.0,1.0,1.0,1.0,1.0,1.0,1.0,1.0,1.0,1.0,1.0,1.0,1.0,1.0,1.0,1.0,1.0,1.0,1.0,1.0,0.27089602054331285,0.9245689727231928,0.9483469277503952
ULTRACEMCO.NS,1.0,1.0,1.0,1.0,1.0,1.0,1.0,1.0,1.0,1.0,1.0,1.0,1.0,1.0,1.0,1.0,1.0,1.0,1.0,1.0,1.0,1.0,1.0,1.0,1.0,1.0,1.0,1.0,1.0,1.0,1.0,1.0,1.0,1.0,1.0,1.0,1.0,1.0,1.0,1.0,1.0,1.0,1.0,1.0,1.0,1.0,1.0,0.9373347694460843,0.8577034508360051
UPL.NS,1.0,1.0,1.0,1.0,1.0,1.0,1.0,1.0,1.0,1.0,1.0,1.0,1.0,1.0,1.0,1.0,1.0,1.0,1.0,1.0,1.0,1.0,1.0,1.0,1.0,1.0,1.0,1.0,1.0,1.0,1.0,1.0,1.0,1.0,1.0,1.0,1.0,1.0,1.0,1.0,1.0,1.0,1.0,1.0,1.0,1.0,1.0,1.0,0.10967689309937373
WIPRO.NS,1.0,1.0,1.0,1.0,1.0,1.0,1.0,1.0,1.0,1.0,1.0,1.0,1.0,1.0,1.0,1.0,1.0,1.0,1.0,1.0,1.0,1.0,1.0,1.0,1.0,1.0,1.0,1.0,1.0,1.0,1.0,1.0,1.0,1.0,1.0,1.0,1.0,1.0,1.0,1.0,1.0,1.0,1.0,1.0,1.0,1.0,1.0,1.0,1.0
