Date,0
2017-11-17,
2017-11-20,0.0
2017-11-21,0.0
2017-11-22,0.0
2017-11-23,0.0
2017-11-24,0.0
2017-11-27,0.0
2017-11-28,0.0
2017-11-29,0.0
2017-11-30,0.0
2017-12-01,0.0
2017-12-04,0.0
2017-12-05,0.0
2017-12-06,0.0
2017-12-07,0.0
2017-12-08,0.0
2017-12-11,0.0
2017-12-12,0.0
2017-12-13,0.0
2017-12-14,0.0
2017-12-15,0.0
2017-12-18,0.0
2017-12-19,0.0
2017-12-20,0.0
2017-12-21,0.0
2017-12-22,0.0
2017-12-26,0.0
2017-12-27,0.0
2017-12-28,0.0
2017-12-29,0.0
2018-01-01,0.0
2018-01-02,0.0
2018-01-03,0.0
2018-01-04,0.0
2018-01-05,0.0
2018-01-08,0.0
2018-01-09,0.0
2018-01-10,0.0
2018-01-11,0.0
2018-01-12,0.0
2018-01-15,0.0
2018-01-16,0.0
2018-01-17,0.0
2018-01-18,0.0
2018-01-19,0.0
2018-01-22,0.0
2018-01-23,0.0
2018-01-24,0.0
2018-01-25,0.0
2018-01-29,0.0
2018-01-30,0.0
2018-01-31,0.0
2018-02-01,0.0
2018-02-02,0.0
2018-02-05,0.0
2018-02-06,0.0
2018-02-07,0.0
2018-02-08,0.0
2018-02-09,0.0
2018-02-12,0.0
2018-02-14,0.0
2018-02-15,0.0
2018-02-16,0.0
2018-02-19,0.0
2018-02-20,0.0
2018-02-21,0.0
2018-02-22,0.0
2018-02-23,0.0
2018-02-26,0.0
2018-02-27,0.0
2018-02-28,0.0
2018-03-01,0.0
2018-03-05,0.0
2018-03-06,0.0
2018-03-07,0.0
2018-03-08,0.0
2018-03-09,0.0
2018-03-12,0.0
2018-03-13,0.0
2018-03-14,0.0
2018-03-15,0.0
2018-03-16,0.0
2018-03-19,0.0
2018-03-20,0.0
2018-03-21,0.0
2018-03-22,0.0
2018-03-23,0.0
2018-03-26,0.0
2018-03-27,0.0
2018-03-28,0.0
2018-04-02,0.0
2018-04-03,0.0
2018-04-04,0.0
2018-04-05,0.0
2018-04-06,0.0
2018-04-09,0.0
2018-04-10,0.0
2018-04-11,0.0
2018-04-12,0.0
2018-04-13,0.0
2018-04-16,0.0
2018-04-17,0.0
2018-04-18,0.0
2018-04-19,0.0
2018-04-20,0.0
2018-04-23,0.0
2018-04-24,0.0
2018-04-25,0.0
2018-04-26,0.0
2018-04-27,0.0
2018-04-30,0.0
2018-05-02,0.0
2018-05-03,0.0
2018-05-04,0.0
2018-05-07,0.0
2018-05-08,0.0
2018-05-09,0.0
2018-05-10,0.0
2018-05-11,0.0
2018-05-14,-0.00045588235294117684
2018-05-15,-0.013010837577333552
2018-05-16,-0.0016914127096272966
2018-05-17,0.012056848265280437
2018-05-18,-0.014477097399270259
2018-05-21,0.0052730160405815955
2018-05-22,0.01221620867653839
2018-05-23,0.005570853379045052
2018-05-24,-0.005245481640117587
2018-05-25,-0.01316457294297135
2018-05-28,0.011089051536454715
2018-05-29,0.005585649906583318
2018-05-30,-0.019061394000007385
2018-05-31,-0.029619133210498087
2018-06-01,0.0110659606321689
2018-06-04,0.013061949354500448
2018-06-05,0.0019968247209522986
2018-06-06,-0.0016409707263048642
2018-06-07,0.0031360945118459227
2018-06-08,0.012056250776416734
2018-06-11,0.003651332409170139
2018-06-12,-0.00345540454741981
2018-06-13,0.005147621699856257
2018-06-14,-0.005323902290413183
2018-06-15,-0.008337534514577846
2018-06-18,0.015666234370987502
2018-06-19,0.004927664936647517
2018-06-20,-0.01851456091834777
2018-06-21,0.001389619076887503
2018-06-22,-0.008380137578451291
2018-06-25,-0.008172401992194255
2018-06-26,0.007954135194079453
2018-06-27,-0.00860638965474509
2018-06-28,-0.01286169454177736
2018-06-29,0.008579831589353904
2018-07-02,-0.002811176252238447
2018-07-03,0.000481039068827059
2018-07-04,-0.02195651410549278
2018-07-05,0.004324731709778313
2018-07-06,0.0034144042613498643
2018-07-09,-0.002226771101879015
2018-07-10,0.004061860259515346
2018-07-11,-0.013932207149001877
2018-07-12,-0.0019053002767286697
2018-07-13,-0.028889058887965103
2018-07-16,-0.011074491947258682
2018-07-17,0.013403722583311429
2018-07-18,0.006200957170763345
2018-07-19,0.005735490290093179
2018-07-20,-0.0039959883821377275
2018-07-23,0.004018975441191534
2018-07-24,0.038748192540513864
2018-07-25,-0.002545703437521336
2018-07-26,0.023254153146160694
2018-07-27,0.005095508332940301
2018-07-30,0.018425514756592574
2018-07-31,-0.019050278776265937
2018-08-01,0.007552631243274669
2018-08-02,0.01638859467146577
2018-08-03,-0.0002797857787481345
2018-08-06,0.018052679822057566
2018-08-07,0.0016049241276936536
2018-08-08,-0.007823304166052668
2018-08-09,0.007144980855435247
2018-08-10,-0.014281505450674994
2018-08-13,-0.015281993652739755
2018-08-14,-0.01415193313287145
2018-08-16,0.006686028773992755
2018-08-17,-0.009242941187770397
2018-08-20,0.017664965615544145
2018-08-21,-0.002638356664255641
2018-08-23,0.0024876372174036177
2018-08-24,0.008177395070475841
2018-08-27,0.014088412666222192
2018-08-28,-0.014828381242228255
2018-08-29,0.008909580608185756
2018-08-30,0.02703668514150539
2018-08-31,0.011787064033046633
2018-09-03,0.006575049796134253
2018-09-04,-0.02037499600253391
2018-09-05,0.015323705647257381
2018-09-06,0.00726921014457528
2018-09-07,-0.0017505451858174136
2018-09-10,0.001990594694199991
2018-09-11,0.002451753600965886
2018-09-12,0.00953290424794638
2018-09-14,0.02290854942557713
2018-09-17,0.006579609034711008
2018-09-18,0.00046727520755173726
2018-09-19,-0.002035798732604995
2018-09-21,0.0412531118761183
2018-09-24,-0.004153871713485185
2018-09-25,-0.034244538615228116
2018-09-26,0.007432552755751011
2018-09-27,0.011100943965938343
2018-09-28,-0.013913062982136876
2018-10-01,0.0044328588030421445
2018-10-03,0.0118638827148216
2018-10-04,-7.127137865684994e-05
2018-10-05,-0.01627940925057207
2018-10-08,0.025568235444604397
2018-10-09,-0.009853869580304445
2018-10-10,0.018061098616353924
2018-10-11,0.010502579360094277
2018-10-12,0.030590211084668955
2018-10-15,-0.008485347396612983
2018-10-16,0.016714709987823373
2018-10-17,0.0065276911198742064
2018-10-19,0.016476980881901068
2018-10-22,-0.020448140911278032
2018-10-23,0.02157704988599898
2018-10-24,-0.0046283016473130665
2018-10-25,-0.0012254884529422137
2018-10-26,-0.0071148780633186835
2018-10-29,-0.01292808098569155
2018-10-30,-0.007545616873199076
2018-10-31,-0.02618844348390174
2018-11-01,0.010873570916339495
2018-11-02,0.03579029308984713
2018-11-05,-0.004103009840884448
2018-11-06,0.006349638638478074
2018-11-07,0.01599047116228567
2018-11-09,-0.009597818592167157
2018-11-12,0.004173931282557105
2018-11-13,0.011837055747316728
2018-11-14,0.02979543822904784
2018-11-15,-0.0014180919588496882
2018-11-16,0.010920282035102985
2018-11-19,0.0030849528796395445
2018-11-20,-0.00021763682821383063
2018-11-21,-0.006933522764883119
2018-11-22,0.0038510777931718386
2018-11-26,-0.009623151085510573
2018-11-27,0.011715571167088597
2018-11-28,-0.020791378188586257
2018-11-29,0.013994838469148096
2018-11-30,-0.005722811616497503
2018-12-03,0.0021683729393442716
2018-12-04,-9.339150721838412e-05
2018-12-05,-0.021190273660449118
2018-12-06,-0.006530055863351013
2018-12-07,0.0019479869084682712
2018-12-10,-0.018021582177306983
2018-12-11,0.008740271166240803
2018-12-12,0.021521081652048444
2018-12-13,0.012838566986769478
2018-12-14,0.015378262963877898
2018-12-17,0.010528767342059226
2018-12-18,0.013912910251066304
2018-12-19,-0.018707204153859444
2018-12-20,0.009281717891555363
2018-12-21,0.006698788673250761
2018-12-24,-0.013384003003838818
2018-12-26,0.0025339637210261817
2018-12-27,0.007632092482069315
2018-12-28,0.011277953786434414
2018-12-31,0.008684743918390064
2019-01-01,9.415903112499035e-05
2019-01-02,-0.016162450689580093
2019-01-03,-0.02243458043659232
2019-01-04,0.023486412330318226
2019-01-07,0.005588590452715558
2019-01-08,-0.014545059522893143
2019-01-09,-0.009025053356485312
2019-01-10,-0.02649912737911351
2019-01-11,0.0016076250907651663
2019-01-14,-0.02158081926428772
2019-01-15,0.00402543293009843
2019-01-16,0.0030104918167736376
2019-01-17,0.0021324461324907598
2019-01-18,0.002678540706624294
2019-01-21,0.0010223607378518698
2019-01-22,0.0041968874530075246
2019-01-23,-0.019718074493111276
2019-01-24,-0.02183427348393525
2019-01-25,-0.006352403355443363
2019-01-28,-0.006878535468658614
2019-01-29,-0.03682347015171293
2019-01-30,-0.03417988524746062
2019-01-31,0.01839796877454194
2019-02-01,-0.0045737529707158536
2019-02-04,0.010890043475977796
2019-02-05,-0.015391961690538497
2019-02-06,0.024704257678046043
2019-02-07,0.01129007361494894
2019-02-08,-0.01777029235491326
2019-02-11,0.005770373051762931
2019-02-12,0.01796392140984414
2019-02-14,-0.018090549496218838
2019-02-15,0.016907227483466514
2019-02-18,-0.009469244979239221
2019-02-19,0.017399884927890054
2019-02-20,0.01597674106623165
2019-02-21,0.010263775502133069
2019-02-22,0.006039389664226506
2019-02-25,-0.0013268342139844645
2019-02-26,-0.0026571405684820294
2019-02-27,0.013426423488378506
2019-02-28,0.017774994248544326
2019-03-01,0.03062392365778664
2019-03-05,0.012420604388959732
2019-03-06,0.007938964990715187
2019-03-07,-0.013436227593895799
2019-03-08,-0.01442804764354636
2019-03-11,0.030530896600172667
2019-03-12,0.009339690707220889
2019-03-13,-0.027087806554637186
2019-03-14,0.018000834000698462
2019-03-15,0.005239433470283096
2019-03-18,-0.009507867496469292
2019-03-19,0.007839327335012657
2019-03-20,-0.003951112670444966
2019-03-22,0.027090450196605848
2019-03-25,0.009567575173082777
2019-03-26,0.007568113603348524
2019-03-27,-0.00012003978352785431
2019-03-28,-0.031278219899057116
2019-04-01,0.013259633448603673
2019-04-02,0.0065197517529800965
2019-04-03,0.01757358676069646
2019-04-04,0.005257979274830933
2019-04-05,0.001023287601671403
2019-04-08,0.013356798812070128
2019-04-09,0.0006803503174905036
2019-04-10,0.00339563146031896
2019-04-11,-0.0032755076976966092
2019-04-12,-0.006370021890811076
2019-04-15,0.005505918452773812
2019-04-16,-0.007148319387992849
2019-04-18,-0.005626035806945134
2019-04-22,0.017859152003114418
2019-04-23,0.009676915236165852
2019-04-24,-0.021540125185315055
2019-04-25,0.00925115998013563
2019-04-26,-0.01705997157590129
2019-04-30,-0.025810349179821824
2019-05-02,-0.0004370109935182475
2019-05-03,-0.012896470081228576
2019-05-06,-0.004137414145160871
2019-05-07,-0.006013184797482397
2019-05-08,0.008965742188969877
2019-05-09,-0.007723228712794765
2019-05-10,-0.0015631071258953096
2019-05-13,-0.0009423665859222135
2019-05-14,0.004343842555227761
2019-05-15,-0.02216084063941637
2019-05-16,-0.009042184360778449
2019-05-17,-0.016054870654226568
2019-05-20,-0.025723693643528417
2019-05-21,0.0018460689787506846
2019-05-22,-0.010314169065666316
2019-05-23,-0.0043047204174068284
2019-05-24,-0.011439685694601397
2019-05-27,-0.009861789547721012
2019-05-28,0.011814402109751133
2019-05-29,0.006478662968779186
2019-05-30,-0.02450382538321322
2019-05-31,0.000518438038315002
2019-06-03,0.006038197397935183
2019-06-04,0.0092908436365761
2019-06-06,0.02290901933799532
2019-06-07,-0.01204743220420328
2019-06-10,0.02038682795541629
2019-06-11,-0.004238533823681665
2019-06-12,0.017136505409158002
2019-06-13,-0.016597564865389762
2019-06-14,0.015236108157842102
2019-06-17,0.011881666603310798
2019-06-18,-0.015572527146879544
2019-06-19,-0.0006214067300093036
2019-06-20,-0.006527499590556729
2019-06-21,0.010101792220734339
2019-06-24,-0.00011748895702426757
2019-06-25,-0.00969471896365694
2019-06-26,0.0035634644564859425
2019-06-27,-0.007267703419604815
2019-06-28,0.0035172295379573685
2019-07-01,0.00893540728341184
2019-07-02,-0.006407389964858473
2019-07-03,-0.014872145076941637
2019-07-04,-0.02180568538101079
2019-07-05,-0.015254119448088065
2019-07-08,0.03382350114364721
2019-07-09,0.004325625196906716
2019-07-10,0.005748617005712203
2019-07-11,-0.0003198932467539637
2019-07-12,0.017234820069290082
2019-07-15,3.779762641644574e-05
2019-07-16,-0.004164503337211161
2019-07-17,0.006556599238831026
2019-07-18,0.0067892389481301494
2019-07-19,-0.0034223672711824068
2019-07-22,0.022001466462093933
2019-07-23,-0.022639233625915717
2019-07-24,-0.007651182485426916
2019-07-25,-0.0024030113029484927
2019-07-26,-0.003666883617858119
2019-07-29,0.009005974191759572
2019-07-30,-0.01367261124259283
2019-07-31,0.004266408816875837
2019-08-01,0.0005340192222070999
2019-08-02,-0.008932657172813477
2019-08-05,0.020549523103831808
2019-08-06,-0.007881581256282048
2019-08-07,0.005703974976066575
2019-08-08,-0.01894969331759681
2019-08-09,-0.028223177451283478
2019-08-13,0.01293628451847955
2019-08-14,0.004274679910704722
2019-08-16,-0.018413184834949938
2019-08-19,-0.0024435411400755068
2019-08-20,-0.01704440562269987
2019-08-21,-0.01343123367806227
2019-08-22,0.016079594753009338
2019-08-23,0.036136442098704764
2019-08-26,-0.030361834356257982
2019-08-27,0.005587572624342481
2019-08-28,0.0028353496694930726
2019-08-29,0.018171297683964405
2019-08-30,0.028788259364282504
2019-09-03,0.007856673515795233
2019-09-04,0.006985809539751266
2019-09-05,0.02966534922299077
2019-09-06,0.0077094042691111435
2019-09-09,-0.003366562330856009
2019-09-11,0.021538482389431443
2019-09-12,0.002251380070351903
2019-09-13,0.012558522099855574
2019-09-16,0.017071999975687195
2019-09-17,-0.014266926242028894
2019-09-18,-0.004213579710141904
2019-09-19,-0.01056250328822833
2019-09-20,0.005815424851594352
2019-09-23,-0.00775685013337756
2019-09-24,-0.007235153565916765
2019-09-25,-0.022941490084378763
2019-09-26,-0.005205126202034018
2019-09-27,-0.029673775112702146
2019-09-30,-0.0055161547015397236
2019-10-01,-0.030580824863912108
2019-10-03,-0.013745629405317901
2019-10-04,0.01594339622010762
2019-10-07,-0.005025989086138035
2019-10-09,-0.0007120253735105109
2019-10-10,0.008490993699780167
2019-10-11,0.012312486011580947
2019-10-14,0.036750384442783474
2019-10-15,-0.006084262479168816
2019-10-16,-0.00874527500922149
2019-10-17,0.008405899303188115
2019-10-18,-0.002782274725379347
2019-10-22,-0.02425401449787694
2019-10-23,0.021760297826140813
2019-10-24,0.0026047853528497955
2019-10-25,0.00882279354355738
2019-10-27,0.008737012802337126
2019-10-29,0.04643524547706252
2019-10-30,0.0036787523381356024
2019-10-31,0.0016221807194858715
2019-11-01,0.02304199891619242
2019-11-04,0.01764019877406411
2019-11-05,-0.001961509140446736
2019-11-06,-0.0006573498601350396
2019-11-07,-0.018023817834352796
2019-11-08,-0.011429827572539207
2019-11-11,0.006037143103525805
2019-11-13,-0.02549320405361903
2019-11-14,-0.019952176473267087
2019-11-15,0.004785369222135247
2019-11-18,0.01913168909804046
2019-11-19,0.02606543077494923
2019-11-20,0.004930294386893965
2019-11-21,-0.01595569255844351
2019-11-22,0.028281690463482216
2019-11-25,0.01440072796903294
2019-11-26,-0.016344788238312966
2019-11-27,-0.0021104319066879195
2019-11-28,0.01858252581312487
2019-11-29,-0.02253229406867369
2019-12-02,-0.01281717149902566
2019-12-03,-0.032901506602793194
2019-12-04,0.018583250756134803
2019-12-05,-0.022461375898656235
2019-12-06,-0.02014207117336865
2019-12-09,0.015384910736120326
2019-12-10,-0.02344756746058679
2019-12-11,0.0033449734877347027
2019-12-12,0.008161653447278398
2019-12-13,0.03194427571063336
2019-12-16,-0.008554314323451538
2019-12-17,0.004775745864668475
2019-12-18,-0.0018063574661269727
2019-12-19,-0.003475738570975844
2019-12-20,0.004508515997126819
2019-12-23,-0.015402710672185302
2019-12-24,0.021349785325912585
2019-12-26,0.01351979866280315
2019-12-27,0.018031376345634027
2019-12-30,-0.00778156386899251
2019-12-31,0.014817394137554984
2020-01-01,-0.006145414065559123
2020-01-02,0.009726190304026498
2020-01-03,-0.0033776101370756127
2020-01-06,-0.01398314132947572
2020-01-07,-0.0011239330603677834
2020-01-08,-0.01101628309400279
2020-01-09,0.00792501128581614
2020-01-10,-0.0013617456156674837
2020-01-13,0.010935959352007437
2020-01-14,0.00735712975152832
2020-01-15,-0.0026137673901862357
2020-01-16,-0.012185503866490203
2020-01-17,0.020372224689553454
2020-01-20,0.008831747268956072
2020-01-21,-0.018814801095384016
2020-01-22,-0.0010816646060453597
2020-01-23,0.014875560291709097
2020-01-24,0.001620493929836975
2020-01-27,-0.003819181234038154
2020-01-28,-0.02146643715109516
2020-01-29,-0.0031138604865297106
2020-01-30,0.003920119659657543
2020-01-31,-0.021596402164359426
2020-02-03,-0.021847136318177578
2020-02-04,0.023492744508139547
2020-02-05,0.0006497433415491648
2020-02-06,0.021969996302354397
2020-02-07,0.0026150250013122285
2020-02-10,-0.025597683854169585
2020-02-11,0.027587241715653514
2020-02-12,-0.010717281531370628
2020-02-13,0.0045741206579027185
2020-02-14,-0.021025067914473044
2020-02-17,-0.017558509746754422
2020-02-18,-0.010706979101500303
2020-02-19,0.012870409742847816
2020-02-20,0.01978525686599519
2020-02-24,-0.02784961811136757
2020-02-25,0.004050107456696409
2020-02-26,-0.019837905573441676
2020-02-27,-0.0049734661397858974
2020-02-28,-0.023584955379649112
2020-03-02,-0.014577133888220893
2020-03-03,0.029859372726152966
2020-03-04,0.006629473601487779
2020-03-05,-0.026588362292476738
2020-03-06,-0.02622416675174103
2020-03-09,-0.027620177101831036
2020-03-11,-0.01408628674742992
2020-03-12,-0.03433591572069261
2020-03-13,0.06225194765440431
2020-03-16,-0.045225881527966284
2020-03-17,-0.03289623551091992
2020-03-18,-0.027163428954827082
2020-03-19,-0.006528978494201127
2020-03-20,0.012195993425875963
2020-03-23,-0.03399818668328992
2020-03-24,0.009005479279432443
2020-03-25,0.0335892137385234
2020-03-26,0.04057007158955478
2020-03-27,-0.0025109438634697404
2020-03-30,-0.014521096168434259
2020-03-31,0.007980493531413124
2020-04-01,-0.013045193007352258
2020-04-03,-0.03386913256163398
2020-04-07,0.029292938081974
2020-04-08,-0.03192544618192935
2020-04-09,0.018981584677514273
2020-04-13,-0.011919683775080944
2020-04-15,-0.027448258782802902
2020-04-16,-0.02080660630577661
2020-04-17,0.05419835725792543
2020-04-20,-0.01452522096152391
2020-04-21,-0.052344364784489686
2020-04-22,0.034486043539967384
2020-04-23,0.03883531561232144
2020-04-24,-0.032074126781236514
2020-04-27,0.04193144151477798
2020-04-28,0.056595094987229005
2020-04-29,0.014908626445526412
2020-04-30,0.037389788056124786
2020-05-04,-0.06232189815119559
2020-05-05,-0.01677680752458166
2020-05-06,0.02350553467457964
2020-05-07,-0.005388477025053192
2020-05-08,0.0023460172896840963
2020-05-11,-0.009993391491484092
2020-05-12,-0.016633150082261478
2020-05-13,0.04973524895528441
2020-05-14,-0.03344764618411865
2020-05-15,-0.006842089771760733
2020-05-18,-0.058454418369170785
2020-05-19,0.012744978042539747
2020-05-20,0.03393008044958288
2020-05-21,-0.010671573908965618
2020-05-22,-0.020789793415655303
2020-05-26,0.00903963255517109
2020-05-27,0.05664120459943123
2020-05-28,0.021629202900945325
2020-05-29,-0.004673616098109455
2020-06-01,0.041647082850143534
2020-06-02,0.04512424196685165
2020-06-03,0.03863782842284504
2020-06-04,-0.04064642489044373
2020-06-05,0.02908834817497846
2020-06-08,0.011519168413933264
2020-06-09,-0.051902977483422694
2020-06-10,0.018166752675816262
2020-06-11,-0.04346458638623257
2020-06-12,0.0007941904756582827
2020-06-15,-0.04117101991298753
2020-06-16,0.02990462009868636
2020-06-17,0.0011700607575079905
2020-06-18,0.04278786824699644
2020-06-19,0.018876961405075852
2020-06-22,0.017850423727437035
2020-06-23,0.03223531777584535
2020-06-24,-0.03233707422643179
2020-06-25,-0.006584277676148967
2020-06-26,0.013906815613217827
2020-06-29,-0.014461406208346222
2020-06-30,0.00648827551494262
2020-07-01,0.029524213053688107
2020-07-02,0.00016324108369662033
2020-07-03,0.0033027384909913885
2020-07-06,0.027418638725332664
2020-07-07,0.003600091778284164
2020-07-08,-0.014211164873476177
2020-07-09,0.01060951893384908
2020-07-10,-0.0383126836974787
2020-07-13,-0.00732057454945286
2020-07-14,-0.04142430695375986
2020-07-15,-0.01909654942067712
2020-07-16,0.021312764149771228
2020-07-17,0.016807956572914725
2020-07-20,-0.0016900332753784426
2020-07-21,0.04105816971048322
2020-07-22,-0.008471883945090441
2020-07-23,0.008391578726988157
2020-07-24,-0.03996511982272951
2020-07-27,-0.019815864980725094
2020-07-28,0.030783780401522312
2020-07-29,-0.005586120491072644
2020-07-30,-0.03283753554068897
2020-07-31,-0.00573537919910633
2020-08-03,-0.022338115099299064
2020-08-04,0.009940964359079653
2020-08-05,0.011431772738153972
2020-08-06,0.010322470347090785
2020-08-07,0.009380336545495844
2020-08-10,0.00323760524747641
2020-08-11,0.02688500066584248
2020-08-12,-0.00551545081659362
2020-08-13,0.007978270405724262
2020-08-14,-0.038445750690977415
2020-08-17,0.002760665617463043
2020-08-18,0.03508048747237507
2020-08-19,0.002162220670305029
2020-08-20,-0.021796566387712123
2020-08-21,0.01392969590035756
2020-08-24,0.023380763211676196
2020-08-25,0.014494409664771361
2020-08-26,0.013055012521962334
2020-08-27,-0.00040502529655225117
2020-08-28,0.04743948617462686
2020-08-31,-0.019382973555898304
2020-09-01,0.0006341078419534015
2020-09-02,-0.0010027329354577604
2020-09-03,-0.021450420376621135
2020-09-04,-0.031795754889297756
2020-09-07,-0.024373397571170973
2020-09-08,-0.019625875235765644
2020-09-09,-0.047914482948833846
2020-09-10,0.030417391295542714
2020-09-11,-5.481392899712892e-05
2020-09-14,-0.030672894911820327
2020-09-15,0.025377424942725053
2020-09-16,-0.00834759308615549
2020-09-17,-0.018821985886948195
2020-09-18,-0.028020584297686193
2020-09-21,-0.013166563719622323
2020-09-22,-0.03997040482772195
2020-09-23,-0.0069892693391344594
2020-09-24,-0.030421933434594175
2020-09-25,0.015261324805392598
2020-09-28,0.048745245243975006
2020-09-29,-0.011803123909116128
2020-09-30,-0.011991375864774058
2020-10-01,0.041810443791203106
2020-10-05,-0.005179259668239495
2020-10-06,0.02219641249393491
2020-10-07,-0.009016578339275298
2020-10-08,-0.023244771510941082
2020-10-09,0.01300657759676762
2020-10-12,-0.008359971922834032
2020-10-13,-0.021459393715496395
2020-10-14,0.030704374255100014
2020-10-15,-0.03390821060951955
2020-10-16,0.04096647887530897
2020-10-19,0.050061933012835194
2020-10-20,-0.0356282858355044
2020-10-21,0.037071244488077325
2020-10-22,0.01435431831702661
2020-10-23,0.020473155524552374
2020-10-26,0.008643072711493968
2020-10-27,0.016032762695186952
2020-10-28,-0.015935387045429485
2020-10-29,-0.04403363964968939
2020-10-30,0.037285659089531645
2020-11-02,-0.00012895646142860006
2020-11-03,0.023508360479990317
2020-11-04,-0.013397287512081862
2020-11-05,0.02090683713475032
2020-11-06,-0.008392591206261523
2020-11-09,0.006454695475835433
2020-11-10,0.027629856882785242
2020-11-11,0.0001653693023619322
2020-11-12,0.014277862106954422
2020-11-13,0.009956074758737441
2020-11-14,0.007151735839661338
2020-11-17,-0.00431208396009
2020-11-18,-0.01689792325941969
2020-11-19,0.03178723181190739
2020-11-20,-0.0173373267127963
2020-11-23,0.019269635403883656
2020-11-24,-0.023111187096527725
2020-11-25,0.03879252272491666
2020-11-26,-0.01428410421285286
2020-11-27,-0.007744965272874596
2020-12-01,0.02228147006092082
2020-12-02,0.05570907626655022
2020-12-03,0.010859843989787472
2020-12-04,0.006131356848247218
2020-12-07,0.015774528224105726
2020-12-08,-0.03133454738430247
2020-12-09,-0.013826421249235133
2020-12-10,0.008018669974897103
2020-12-11,0.01645790821200038
2020-12-14,0.012719816500777966
2020-12-15,-0.005823392025680378
2020-12-16,0.005293441983439924
2020-12-17,-0.020812683069879427
2020-12-18,-0.004687402674667
2020-12-21,-0.0044790174491036415
2020-12-22,0.02002311288253676
2020-12-23,-0.013843376663267805
2020-12-24,0.0007524013707040251
2020-12-28,0.0051900781705744746
2020-12-29,-0.03514221158825257
2020-12-30,0.00822326606632539
2020-12-31,0.015067573115021451
2021-01-01,-0.012256829602868979
2021-01-04,0.009256091806231536
2021-01-05,-0.032151780031595655
2021-01-06,0.00917736063588239
2021-01-07,0.01187828559387853
2021-01-08,-0.0012383615602162541
2021-01-11,-0.0076269608844282775
2021-01-12,0.008304408126066042
2021-01-13,0.02255413797331526
2021-01-14,0.013328423440499206
2021-01-15,0.006322557665716902
2021-01-18,-0.001222520463112203
2021-01-19,0.002516824827316389
2021-01-20,-0.018066474191375966
2021-01-21,-0.0024028412479958432
2021-01-22,0.006939248665148948
2021-01-25,-0.007674963901727749
2021-01-27,0.006681864107362103
2021-01-28,0.008599519825620893
2021-01-29,-0.010420937419873811
2021-02-01,-0.014167908340073294
2021-02-02,-0.016265232966731085
2021-02-03,0.023455678399544592
2021-02-04,-0.011632886697434192
2021-02-05,-0.001527699817264781
2021-02-08,0.01599199127306362
2021-02-09,-0.007397071533690891
2021-02-10,-0.0019318574990960903
2021-02-11,0.01540143426805776
2021-02-12,-0.038910158883408826
2021-02-15,-0.0416373629087849
2021-02-16,0.011136018290037134
2021-02-17,0.016231730881294405
2021-02-18,0.041573363219143136
2021-02-19,0.0060078115410932605
2021-02-22,-0.01229783379295277
2021-02-23,0.04756471815865063
2021-02-24,-0.04232384322198345
2021-02-25,0.02441082015374845
2021-02-26,0.037785529600322755
2021-03-01,-0.014285096743567205
2021-03-02,0.0141289585714801
2021-03-03,-0.011603350468166195
2021-03-04,-0.012542728817899274
2021-03-05,-0.02184457723896186
2021-03-08,0.016896060338576113
2021-03-09,-0.03163475857021744
2021-03-10,0.022680632511247825
2021-03-12,0.0075532590773806745
2021-03-15,0.035762451769471355
2021-03-16,0.01182312068875523
2021-03-17,0.008560514591342066
2021-03-18,0.0031709130746158326
2021-03-19,0.0031928368700482736
2021-03-22,0.023230522978677424
2021-03-23,-0.018959318630579276
2021-03-24,0.026066525547016977
2021-03-25,0.013225734913058918
2021-03-26,0.002067660736095234
2021-03-30,0.02564488514265265
2021-03-31,0.014628760573569906
2021-04-01,-0.017155384487662552
2021-04-05,0.045006252262814746
2021-04-06,-0.011928707849660363
2021-04-07,0.005123033198394944
2021-04-08,0.012208564144287988
2021-04-09,0.017490272796339388
2021-04-12,0.04071357762060439
2021-04-13,-0.0331266144976796
2021-04-15,0.006169888984259028
2021-04-16,0.015076127906159498
2021-04-19,0.04059951390691439
2021-04-20,0.004849709221002859
2021-04-22,-0.02503801603373329
2021-04-23,0.0006710674286463208
2021-04-26,-0.01849173805812593
2021-04-27,-0.018305402000756494
2021-04-28,-0.0001790532871071898
2021-04-29,-0.011671666611582872
2021-04-30,0.0049286291524673
2021-05-03,-0.003673471171169932
2021-05-04,-0.00432306017549215
2021-05-05,0.01262771680780089
2021-05-06,-0.008194020449245049
2021-05-07,-0.014416317677660754
2021-05-10,0.006444539811857051
2021-05-11,-0.009350993650761462
2021-05-12,0.02836692118147427
2021-05-14,0.021039616228468866
2021-05-17,-0.02559525948483223
2021-05-18,-0.006461978950307469
2021-05-19,0.01718552414906582
2021-05-20,-0.002331625615342924
2021-05-21,-0.00937990284794876
2021-05-24,0.0020702257637656776
2021-05-25,-0.012601709865498682
2021-05-26,0.008178315963643027
2021-05-27,0.003426524949670887
2021-05-28,-0.01917817361278959
2021-05-31,-0.006698808730215441
2021-06-01,-0.003686391929926636
2021-06-02,-0.02101956067799652
2021-06-03,-0.003613900798309605
2021-06-04,-0.011837623848044081
2021-06-07,-0.0006689002329714863
2021-06-08,0.015159292513626776
2021-06-09,0.02651145050742692
2021-06-10,-0.00467959205923935
2021-06-11,0.008636397806115095
2021-06-14,-0.0030092181357196527
2021-06-15,-0.003994965113285516
2021-06-16,0.01929408066678069
2021-06-17,0.028545959191001842
2021-06-18,-0.005366731625882495
2021-06-21,-0.00841136643866798
2021-06-22,-0.01513771524739055
2021-06-23,0.008243130484462952
2021-06-24,0.007077164045903965
2021-06-25,-0.022130754083112422
2021-06-28,-0.016196335717176626
2021-06-29,0.0173533852809702
2021-06-30,0.014636940118345093
2021-07-01,0.0027789453721187127
2021-07-02,0.005088698047595807
2021-07-05,-0.010568639033404858
2021-07-06,-0.004594914828355299
2021-07-07,-0.015157119895122001
2021-07-08,0.019970119528750312
2021-07-09,-0.028658340756622696
2021-07-12,0.002122673332171555
2021-07-13,-0.012559740487934037
2021-07-14,0.007577104461445361
2021-07-15,0.007819708476721313
2021-07-16,-0.014522124681759865
2021-07-19,0.004515903752001695
2021-07-20,-0.0022020821155044282
2021-07-22,-0.013110720585756163
2021-07-23,0.002056748848548379
2021-07-26,0.00556833911583701
2021-07-27,-0.01851916523123454
2021-07-28,-0.021303958223240434
2021-07-29,-0.022004830042496544
2021-07-30,0.04228782413434071
2021-08-02,0.005414405129660569
2021-08-03,0.011891778665389518
2021-08-04,0.01874286355181729
2021-08-05,0.010874987231413807
2021-08-06,0.009508356292320717
2021-08-09,0.021968808395502182
2021-08-10,0.020515216060495594
2021-08-11,-0.02284361187877632
2021-08-12,0.006045519836232275
2021-08-13,-0.012894606528917585
2021-08-16,-0.01610404159333402
2021-08-17,-0.0006605926948703696
2021-08-18,0.004495302866998578
2021-08-20,0.010122373647409892
2021-08-23,0.012706326728825877
2021-08-24,-0.015636519178433974
2021-08-25,0.006669057072939963
2021-08-26,0.0036049596169511217
2021-08-27,-0.0011507582725644322
2021-08-30,0.012461927785013406
2021-08-31,0.003471795452500865
2021-09-01,-0.0063503458242600615
2021-09-02,0.007337794026027974
2021-09-03,0.006666477648876494
2021-09-06,-0.006669153505265825
2021-09-07,0.014028675104213309
2021-09-08,0.018956836099955462
2021-09-09,-0.0026910505166728143
2021-09-13,0.00023342584070167553
2021-09-14,0.021938120326130503
2021-09-15,0.011384695660984866
2021-09-16,0.015383126422010649
2021-09-17,0.024568305433504176
2021-09-20,0.004838089899662989
2021-09-21,-0.006372693129910544
2021-09-22,-0.0093345826010863
2021-09-23,0.00862482038205643
2021-09-24,0.010133259808700125
2021-09-27,0.016923910537733004
2021-09-28,0.02069036573856275
2021-09-29,0.013310171709983623
2021-09-30,-0.01640104348712107
2021-10-01,0.009974381187235232
2021-10-04,-0.016268783147101062
2021-10-05,-0.008616372992689483
2021-10-06,-0.012838617998275563
2021-10-07,0.0023370865284160413
2021-10-08,-0.011807810022679057
2021-10-11,0.00845342212492635
2021-10-12,0.015752125388577044
2021-10-13,0.0036154422965835437
2021-10-14,0.01572742714146422
2021-10-18,-0.008464934196645367
2021-10-19,-0.0001963760171715841
2021-10-20,0.007367497778543362
2021-10-21,-0.0025511943495914926
2021-10-22,-0.0028924525284594444
2021-10-25,0.004760157081687849
2021-10-26,-0.02094382605609818
2021-10-27,0.025325257304186607
2021-10-28,0.0220710484765005
2021-10-29,0.036742687931988545
2021-11-01,-0.019814430215519124
2021-11-02,-0.0015947020037454349
2021-11-03,0.012758325497303753
2021-11-04,-0.005165031692152988
2021-11-08,-0.011963740485873082
2021-11-09,-0.0006366426737607615
2021-11-10,-0.0002771679580629015
2021-11-11,0.01421396351275094
2021-11-12,-0.016069793705978965
2021-11-15,0.0046563569852760035
2021-11-16,0.0038937539683636378
2021-11-17,-0.010964158895571582
2021-11-18,0.006081724235394488
2021-11-22,0.023752333137030946
2021-11-23,0.006572008733863903
2021-11-24,-0.0072869520008732695
2021-11-25,-0.02541529285650921
2021-11-26,0.020425593186359246
2021-11-29,-0.015232475998309094
2021-11-30,0.007275417259756249
2021-12-01,0.011425505733277906
2021-12-02,0.0005424165842287422
2021-12-03,0.006204670246931995
2021-12-06,0.003627952693079266
2021-12-07,-0.00010817096904540565
2021-12-08,0.01179064878464003
2021-12-09,0.007593017953266293
2021-12-10,0.0050160408356196935
2021-12-13,0.005361591079349001
2021-12-14,0.006407067797330894
2021-12-15,-0.007618886869881139
2021-12-16,-0.006815380265396299
2021-12-17,0.008648900746580227
2021-12-20,0.01302160389968458
2021-12-21,-0.007738872840682274
2021-12-22,-0.006845813477611996
2021-12-23,-0.012492702136055975
2021-12-24,-0.009080194010353666
2021-12-27,0.00693151276574918
2021-12-28,0.002442480458464206
2021-12-29,-0.003203524403201554
2021-12-30,-0.004146598468338794
2021-12-31,-3.662921429883328e-06
2022-01-03,0.00972709426955571
2022-01-04,-0.007062126635134926
2022-01-05,0.006186741664432661
2022-01-06,-0.0010127780024282956
2022-01-07,-0.012452455573018766
2022-01-10,-0.010204507633950567
2022-01-11,-0.01563239708982356
2022-01-12,-0.003224028870532124
2022-01-13,0.022281935494927265
2022-01-14,-0.009136113375737425
2022-01-17,-0.003218833912545215
2022-01-18,0.008093976814104117
2022-01-19,-0.009505494565598373
2022-01-20,-0.0016164945178444444
2022-01-21,0.0025683568206060796
2022-01-24,0.002270464713579368
2022-01-25,0.030053745603552447
2022-01-27,0.007575881997977546
2022-01-28,-0.006514534941701567
2022-01-31,0.0011384395686273438
2022-02-01,0.005618536364903765
2022-02-02,0.0034638430363997208
2022-02-03,0.005585288960636797
2022-02-04,-0.000852012761140677
2022-02-07,-0.008669332226018686
2022-02-08,0.022554105586781965
2022-02-09,-0.00023221325559723906
2022-02-10,-0.004881925145232763
2022-02-11,0.01731079675174926
2022-02-14,-3.078399375333737e-05
2022-02-15,0.008638166362220907
2022-02-16,-0.0034237589974515535
2022-02-17,-0.00988348197416841
2022-02-18,0.005977492243246103
2022-02-21,-0.0018268315737521158
2022-02-22,-0.02112971671187349
2022-02-23,-0.0011354870630077769
2022-02-24,0.00018479492369200034
2022-02-25,-0.003034206919550013
2022-02-28,-0.017678326401916775
2022-03-02,-0.004295234370925618
2022-03-03,-0.023156873512773124
2022-03-04,0.014254568092026286
2022-03-07,-0.021262904640061624
2022-03-08,0.0165231936442377
2022-03-09,0.014055602974270599
2022-03-10,0.02577984370104333
2022-03-11,-0.01671128521355276
2022-03-14,-0.0017282529635270641
2022-03-15,0.026883942585055692
2022-03-16,0.01155506102977415
2022-03-17,-0.006702820972594223
2022-03-21,-0.018482422951354143
2022-03-22,-0.016349163374653426
2022-03-23,-0.006635910420362887
2022-03-24,-0.01760545818625208
2022-03-25,0.011559993587370285
2022-03-28,-0.014180550722716314
2022-03-29,0.02042614670101588
2022-03-30,0.03278475233524087
2022-03-31,0.011792182573173899
2022-04-01,0.005598219197088703
2022-04-04,0.003638646923657578
2022-04-05,-0.000883570262344244
2022-04-06,-0.008979486749559978
2022-04-07,0.019071044818968198
2022-04-08,0.006217963943792437
2022-04-11,0.0012092329261615788
2022-04-12,0.008075876116057444
2022-04-13,-0.011577487841053537
2022-04-18,-0.001997213848648341
2022-04-19,-0.007407620571843739
2022-04-20,0.0210112460519028
2022-04-21,0.014650441953796023
2022-04-22,0.004998520364952082
2022-04-25,0.017971929578487977
2022-04-26,-0.0025855141202271547
2022-04-27,0.01629140252681636
2022-04-28,0.007548450560493254
2022-04-29,0.019875857984943898
2022-05-02,0.005214532606325076
2022-05-04,0.0011400899392254317
2022-05-05,0.002646391625038237
2022-05-06,-0.020921103946627276
2022-05-09,0.006147738787093148
2022-05-10,0.043727808517293514
2022-05-11,0.0016780482732837053
2022-05-12,0.02161613085076968
2022-05-13,-0.0015397654944443822
2022-05-16,-0.013453209241449141
2022-05-17,-0.034657014548510424
2022-05-18,0.00031867287564594853
2022-05-19,0.019209748823477524
2022-05-20,-0.021526076209944338
2022-05-23,0.016888124678827155
2022-05-24,-0.00532500018811188
2022-05-25,0.013244953896816045
2022-05-26,-0.005343878203773827
2022-05-27,0.015838605257484654
2022-05-30,0.005885440237845907
2022-05-31,-0.004992643879134327
2022-06-01,-0.00479628550425926
2022-06-02,0.000257488499351618
2022-06-03,-0.004833671757985071
2022-06-06,-0.017548920861467386
2022-06-07,-0.0018807287675898072
2022-06-08,0.012852043840952447
2022-06-09,0.0028275793232038155
2022-06-10,0.019971035405690233
2022-06-13,0.02106213458227952
2022-06-14,-0.010762282298605954
2022-06-15,0.00901508999815953
2022-06-16,0.021803250832262817
2022-06-17,0.0029151818388603893
2022-06-20,0.021852375932378133
2022-06-21,-0.013044801411959447
2022-06-22,0.005759835120687715
2022-06-23,0.0022226692115588052
2022-06-24,-0.008541767588040542
2022-06-27,0.003046473982696474
2022-06-28,0.01653739084138283
2022-06-29,-0.013002855701146392
2022-06-30,-0.010579534965555464
2022-07-01,0.029895139865614154
2022-07-04,-0.01198629238150786
2022-07-05,-0.006425995004528906
2022-07-06,0.006438944117331423
2022-07-07,-0.00033239300290488646
2022-07-08,-0.00808544225872444
2022-07-11,-0.0024630762011397414
2022-07-12,-0.010943730368227206
2022-07-13,-0.0038772806737322188
2022-07-14,-0.01802850779889261
2022-07-15,0.000312024949859184
2022-07-18,0.023540990016558253
2022-07-19,0.00370644569682211
2022-07-20,0.012259684219940331
2022-07-21,0.022354485248357907
2022-07-22,0.006766641127985765
2022-07-25,-0.014307494728120245
2022-07-26,-0.006557122029011966
2022-07-27,0.017537116868525517
2022-07-28,0.02094201014606444
2022-07-29,0.012665743641024988
2022-08-01,-0.0009429135383286013
2022-08-02,-0.013802599152585535
2022-08-03,0.005452762401480823
2022-08-04,0.00012423053585547641
2022-08-05,0.01034334706065903
2022-08-08,-0.0015398203585851459
2022-08-10,0.000631839479894472
2022-08-11,0.010186107003031472
2022-08-12,0.015367918718049831
2022-08-16,0.0036734784822204797
2022-08-17,0.014137680686385047
2022-08-18,-0.012755666722313666
2022-08-19,-0.0054339223888588
2022-08-22,-0.018728698356752473
2022-08-23,-0.0035768085678957893
2022-08-24,0.002220574946513203
2022-08-25,0.009057826061071058
2022-08-26,-0.006627922740143712
2022-08-29,-0.022084485611673622
2022-08-30,0.016018786070218064
2022-09-01,-0.0069526367650189795
2022-09-02,-0.011968627367649613
2022-09-05,0.012573707855657508
2022-09-06,-0.0064780198649713495
2022-09-07,-0.006513046199055178
2022-09-08,0.01187265248665309
2022-09-09,0.01248264067748449
2022-09-12,0.014607245548786547
2022-09-13,-0.010934975682987255
2022-09-14,-0.019553599359421088
2022-09-15,-0.026577712703662403
2022-09-16,-0.018255499704672988
2022-09-19,-0.006098849992722206
2022-09-20,0.02255457758204495
2022-09-21,-0.012140650203856152
2022-09-22,-0.023025330498167875
2022-09-23,0.014888234715334854
2022-09-26,-0.007825673877359595
2022-09-27,0.0092984087069721
2022-09-28,2.7871284803865283e-05
2022-09-29,0.015959925687772995
2022-09-30,0.013132385277100887
2022-10-03,0.016459684628284794
2022-10-04,-0.0014041112943185316
2022-10-06,0.009758157855637476
2022-10-07,-0.005358398878119053
2022-10-10,-0.00030407670435510974
2022-10-11,-0.013037140702040447
2022-10-12,0.004448460559998526
2022-10-13,-0.007935973054601564
2022-10-14,-0.010909606627170743
2022-10-17,-0.010653322526194336
2022-10-18,0.00954210202988582
2022-10-19,-0.008275215460371813
2022-10-20,0.025017694952826592
2022-10-21,-0.009563927191371757
2022-10-24,0.02324575427440369
2022-10-25,0.009537812597916305
2022-10-27,0.015288449000364503
2022-10-28,-0.004105056836399186
2022-10-31,0.012700213903099269
2022-11-01,0.020946626018391742
2022-11-02,0.014456816417564963
2022-11-03,-0.006420828768952959
2022-11-04,0.0006389502359266358
2022-11-07,0.019751832941365347
2022-11-09,-0.01155189126591201
2022-11-10,0.004433659101276605
2022-11-11,0.028383970576264957
2022-11-14,-0.0007611648728341181
2022-11-15,0.01888288011341609
2022-11-16,-0.002925033402905226
2022-11-17,0.0027625737318619993
2022-11-18,-0.0015275376815266583
2022-11-21,0.004236942150577358
2022-11-22,-0.003993236582327397
2022-11-23,-0.0012018462871634065
2022-11-24,0.031762856196060056
2022-11-25,0.01488055396240755
2022-11-28,0.004984380786830417
2022-11-29,0.004235344035814404
2022-11-30,-0.002233543212937659
2022-12-01,-0.00038986458998837767
2022-12-02,0.008068991342598935
2022-12-05,0.007325915198300519
2022-12-06,-0.015025437662715118
2022-12-07,-0.020313554551006252
2022-12-08,-0.014807153984622106
2022-12-09,-0.02364085586362607
2022-12-12,-0.005018054533131518
2022-12-13,0.009599797966137389
2022-12-14,0.017831218688079794
2022-12-15,-0.011190736890332785
2022-12-16,-0.007141638648380859
2022-12-19,-0.002529613253588341
2022-12-20,-0.004298786108401864
2022-12-21,0.006771835058414329
2022-12-22,-0.0030464002102993416
2022-12-23,-0.013086023110162373
2022-12-26,0.004311128108815214
2022-12-27,0.021551726779710654
2022-12-28,-0.001211572508689258
2022-12-29,0.008961247378622129
2022-12-30,0.009558371028459738
2023-01-02,0.010636761756097159
2023-01-03,0.010546278194879627
2023-01-04,0.0038481785278589743
2023-01-05,-0.011221134673698884
2023-01-06,-0.0033045726383989765
2023-01-09,0.011503210402992368
2023-01-10,0.0029014512487509346
2023-01-11,0.0036215896861019076
2023-01-12,0.011361099490053511
2023-01-13,-0.0017082051158489582
2023-01-16,0.032812964348325466
2023-01-17,-0.0077944864515973565
2023-01-18,-0.00524074311720384
2023-01-19,0.00925557142670785
2023-01-20,0.011600520218264632
2023-01-23,0.008791175383343952
2023-01-24,-0.005548603953303778
2023-01-25,-0.011003380886701325
2023-01-27,-0.010645496708591159
2023-01-30,0.005497510782109591
2023-01-31,0.011569374264518931
2023-02-01,-0.0270070728097504
2023-02-02,-0.019182519780504805
2023-02-03,0.018784662814875685
2023-02-06,0.026702207717257932
2023-02-07,0.02126499999215156
2023-02-08,0.01941570464295618
2023-02-09,0.005461220761451288
2023-02-10,0.017289393194698487
2023-02-13,-0.0110369779225063
2023-02-14,-0.01596318322109846
2023-02-15,0.012520767066237847
2023-02-16,0.0025681854507242892
2023-02-17,-0.005250334343891011
2023-02-20,0.010549720947937723
2023-02-21,0.0050137478956950084
2023-02-22,-0.014077103883954441
2023-02-23,-0.0062703791134241385
2023-02-24,0.019246753638120017
2023-02-27,0.022871650216717623
2023-02-28,0.027714023400076393
2023-03-01,-0.020886742580685406
2023-03-02,0.027504207137695115
2023-03-03,0.004156099100162427
2023-03-06,0.013553150572052529
2023-03-08,0.0026285922122554406
2023-03-09,-0.02108149157239714
2023-03-10,0.004183520922062818
2023-03-13,-0.001262761808185582
2023-03-14,-0.0015176280698372723
2023-03-15,0.007258864466534986
2023-03-16,0.013817421990242317
2023-03-17,-0.021810474267655446
2023-03-20,0.006669422840708082
2023-03-21,0.0073602659848478295
2023-03-22,0.013110634516120451
2023-03-23,-0.01036744974512066
2023-03-24,0.0113116646792619
2023-03-27,-0.005411121676085543
2023-03-28,-0.01509888578156475
2023-03-29,-0.0038677619924999775
2023-03-31,-0.02376815445361949
2023-04-03,0.0058033034540941044
2023-04-05,0.00259773998503132
2023-04-06,0.02224697971467187
2023-04-10,-0.013947438264281778
2023-04-11,0.004734795965025324
2023-04-12,0.007389600915217572
2023-04-13,0.009332775826442236
2023-04-17,0.01572234273473682
2023-04-18,-0.010432462864703859
2023-04-19,-0.021244007924905103
2023-04-20,0.014922041261129747
2023-04-21,-0.0010578277205044327
2023-04-24,-0.01259979692019932
2023-04-25,0.005290971214660897
2023-04-26,-0.005143040547524298
2023-04-27,-0.00791115741112525
2023-04-28,0.015063157504975258
2023-05-02,-0.012270007770236202
2023-05-03,0.0009717988063029003
2023-05-04,-0.008811086491753458
2023-05-05,0.03453983946432169
2023-05-08,-0.009381822769406965
2023-05-09,-0.007288945932368145
2023-05-10,0.007431351174991816
2023-05-11,0.018685886277832662
2023-05-12,0.00999547856368863
2023-05-15,-0.011166462179661524
2023-05-16,-0.0002914625582178686
2023-05-17,0.0035089929535852943
2023-05-18,-0.009552783657564986
2023-05-19,0.005350473112341279
2023-05-22,0.01079725715588775
2023-05-23,0.004076095505490231
2023-05-24,0.01527640111966714
2023-05-25,0.005675407265767114
2023-05-26,-0.010741659473735274
2023-05-29,0.011633395201934394
2023-05-30,0.004838938932479239
2023-05-31,0.0031013232216464703
2023-06-01,-1.4967800698943083e-05
2023-06-02,0.0067812369840113025
2023-06-05,0.0114148137617147
2023-06-06,0.0009624050239741982
2023-06-07,0.001958846334159947
2023-06-08,0.01359408468001275
2023-06-09,0.01086386528178695
2023-06-12,-0.008675168437961896
2023-06-13,0.0010998956111663732
2023-06-14,0.00807307536807762
2023-06-15,-0.011468036162001356
2023-06-16,0.013693869972628447
2023-06-19,-0.002991984024372572
2023-06-20,0.010781086343031805
2023-06-21,0.008226832968124626
2023-06-22,-0.00933753234895404
2023-06-23,-0.00792916970820909
2023-06-26,0.003328334342289576
2023-06-27,0.004611217043737788
2023-06-28,0.025143329707816374
2023-06-30,0.004633259682835529
2023-07-03,0.0030428514048658566
2023-07-04,0.0010729862002588646
2023-07-05,-0.017748724329189454
2023-07-06,-0.00029088375811641353
2023-07-07,-0.008832570396855836
2023-07-10,0.008598944836291299
2023-07-11,0.010704733947443515
2023-07-12,-0.003716405003106806
2023-07-13,-0.00221575229768936
2023-07-14,0.0028470179856135013
2023-07-17,0.0007961416469569867
2023-07-18,0.012843521193107357
2023-07-19,0.00715059082327989
2023-07-20,0.013398562788789608
2023-07-21,-0.007917048163638194
2023-07-24,0.024497863215133912
2023-07-25,0.021477037232808922
2023-07-26,-0.004151081807551773
2023-07-27,0.015848753536412012
2023-07-28,0.01022678720064833
2023-07-31,0.029026360161697514
2023-08-01,0.0021088974868297247
2023-08-02,-0.014653866265831319
2023-08-03,0.008540279363651574
2023-08-04,-0.012395955601339718
2023-08-07,0.024532270535000737
2023-08-08,-0.017369826963056195
2023-08-09,0.006951243365802978
2023-08-10,0.01075885196452718
2023-08-11,0.0010433000270174706
2023-08-14,0.010012940699988242
2023-08-16,0.015661616450671056
2023-08-17,0.008029318269715233
2023-08-18,-0.0036774530741261356
2023-08-21,0.011254297538575804
2023-08-22,-0.0013348712930368494
2023-08-23,-0.009802162866149856
2023-08-24,-0.013910070833809893
2023-08-25,-0.015439198804594758
2023-08-28,0.015704567020386678
2023-08-29,0.020094440389876605
2023-08-30,-0.01612854679716067
2023-08-31,-0.01643869011527361
2023-09-01,0.013148396483617692
2023-09-04,0.021532312657345103
2023-09-05,0.008226742836016964
2023-09-06,0.014648481984737498
2023-09-07,-0.011030100987036905
2023-09-08,0.02493610009461708
2023-09-11,-0.003996321726584058
2023-09-12,-0.010750987468278565
2023-09-13,0.02789654257132156
2023-09-14,0.0018219251856810474
2023-09-15,-0.018969809355776284
2023-09-18,0.015257018217091375
2023-09-20,0.020330979884669417
2023-09-21,-0.0009347874179752872
2023-09-22,-0.003414356235256367
2023-09-25,0.0009201393456806634
2023-09-26,0.002835710368879861
2023-09-27,-0.0018406234580137647
2023-09-28,0.021170733606294775
2023-09-29,0.0002810182778192358
2023-10-03,-0.012829481858204917
2023-10-04,0.017064703579925743
2023-10-05,-0.007461121681579016
2023-10-06,-0.007924265172460672
2023-10-09,-0.0007135593400297924
2023-10-10,0.004742040096918202
2023-10-11,0.011562254721945426
2023-10-12,0.02226285536180626
2023-10-13,0.01419552746857337
2023-10-16,-0.0021260214254709277
2023-10-17,-0.0003661926378018349
2023-10-18,-0.0037040804669021808
2023-10-19,-0.0003051854049349278
2023-10-20,0.0026448433368986084
2023-10-23,-0.003544708188436159
2023-10-25,-0.00176613799724
2023-10-26,-0.008680561979020968
2023-10-27,0.008079843412267154
2023-10-30,0.020257437016800908
2023-10-31,-0.008472271674368509
2023-11-01,0.02536614330627538
2023-11-02,0.00733649034224967
2023-11-03,0.03230141556266887
2023-11-06,0.007989640888284591
2023-11-07,-0.0019202777552134302
2023-11-08,0.00894086985624791
2023-11-09,-0.000280698815967252
2023-11-10,0.008455429596859703
2023-11-13,0.010848668818494986
2023-11-15,0.001715530039210899
2023-11-16,0.0014945490213428949
2023-11-17,-0.018224715489092803
2023-11-20,0.0031575403923215176
2023-11-21,-0.012209623579055865
2023-11-22,-0.002102513828329189
2023-11-23,0.01236153522708889
2023-11-24,0.002614411750290094
2023-11-28,0.0032233387315527156
2023-11-29,0.0033807627194144953
2023-11-30,-0.0007770216600174872
2023-12-01,0.007906618539199734
2023-12-04,0.0300931959578778
2023-12-05,0.01534410345411052
2023-12-06,0.01002023678363582
2023-12-07,-0.009525630432471522
2023-12-08,-0.004574134443825171
2023-12-11,0.013861617715744765
2023-12-12,-0.011927914054389569
2023-12-13,0.005714809497076282
2023-12-14,-0.005225073543827324
2023-12-15,0.016158235160152155
2023-12-18,-0.010163643399762596
2023-12-19,0.01698910261728546
2023-12-20,0.02089269536474423
2023-12-21,0.008501220599254304
2023-12-22,-0.018778539242291715
2023-12-26,0.011291102690323015
2023-12-27,0.004272411936762349
2023-12-28,0.010053481891222167
2023-12-29,-0.004812247317690574
2024-01-01,-0.007893802676713515
2024-01-02,0.0074811484904321384
2024-01-03,0.010999724685854416
2024-01-04,0.010915781940264614
2024-01-05,-0.005910795455782001
2024-01-08,0.0011091854226474396
2024-01-09,-0.01803587087686295
2024-01-10,-0.009549101490391234
2024-01-11,0.0013598346121206622
2024-01-12,-0.0161041918434416
2024-01-15,0.01617617920894843
2024-01-16,0.009761186874784082
2024-01-17,-0.015288355398863142
2024-01-18,0.005407290950353914
2024-01-19,0.0020776036447495523
2024-01-23,0.008554434816643277
2024-01-24,0.011843157583239602
2024-01-25,-0.016647103173881378
2024-01-29,-0.0015878496368427635
2024-01-30,0.007406999758605133
2024-01-31,0.03121408964588008
2024-02-01,-0.002312547318940243
2024-02-02,-0.013105614045290037
2024-02-05,-0.010881632047548046
2024-02-06,-0.00116454887196802
2024-02-07,0.029258346673694646
2024-02-08,-0.034033632013683104
2024-02-09,0.015309621545001184
2024-02-12,0.002917379766761036
2024-02-13,0.0011627654140470454
2024-02-14,-0.019114012936348825
2024-02-15,-0.008958895941619105
2024-02-16,0.010683044821699957
2024-02-19,0.002536392920581549
2024-02-20,0.008431325879361528
2024-02-21,0.0129474036476067
2024-02-22,-0.008813228981958902
2024-02-23,0.012082210898462656
2024-02-26,-0.00945530219903961
2024-02-27,0.007727860306003021
2024-02-28,0.016248295763271234
2024-02-29,0.0046819342731399295
2024-03-01,0.006668900268398016
2024-03-04,-0.012476752407176552
2024-03-05,-0.022033239667100864
2024-03-06,0.013761772446432665
2024-03-07,0.012520755296705054
2024-03-11,0.008910570041983843
2024-03-12,0.0068836412013504695
2024-03-13,0.020155916544665045
2024-03-14,-0.02450152078108982
2024-03-15,0.014622484077853047
2024-03-18,-0.0018256292066819477
2024-03-19,0.021846913166261882
2024-03-20,-0.02351012097476825
2024-03-21,0.002627673400834647
2024-03-22,0.00303282752356825
2024-03-26,-0.00680717063650824
2024-03-27,0.012306973471270391
2024-03-28,0.0014042097179526483
2024-04-01,-0.004258475673123357
2024-04-02,-0.005057811984428442
2024-04-03,0.003510831720299379
2024-04-04,0.019622622366341477
2024-04-05,-0.0013420409705690473
2024-04-08,0.016651836827811847
2024-04-09,0.005190188952874968
2024-04-10,-0.0033576146130742156
2024-04-12,0.003804641987365628
2024-04-15,0.002699126687729803
2024-04-16,0.001519471068811398
2024-04-18,0.0022835205590994428
2024-04-19,0.009246927335633447
2024-04-22,-0.007986371618527159
2024-04-23,0.0032968034492901095
2024-04-24,-0.007474296792741809
2024-04-25,-0.016070702169345887
2024-04-26,0.0023731881322518497
2024-04-29,0.016700420984755805
2024-04-30,-0.003589401093632174
2024-05-02,-0.027101311337689064
2024-05-03,-0.006346389168329788
2024-05-06,0.03289432435089067
2024-05-07,0.030721725584663167
2024-05-08,-0.024797438833084797
2024-05-09,0.012983541425728851
2024-05-10,-0.012505442885245653
2024-05-13,-0.0016907615600894107
2024-05-14,-0.000486961709545869
2024-05-15,-0.023236620344005383
2024-05-16,0.025022478037696846
2024-05-17,-0.0072697024902514526
2024-05-21,-0.026604341139076428
2024-05-22,0.009911983921605092
2024-05-23,0.003970163904998749
2024-05-24,0.00329643487100795
2024-05-27,0.0019384400716274833
2024-05-28,0.025124764114992336
2024-05-29,-0.01268255803526375
2024-05-30,0.014361167189959126
2024-05-31,-0.025275108598905104
2024-06-03,-0.022379493252628266
2024-06-04,0.01689794814608537
2024-06-05,0.008893256987658417
2024-06-06,0.015448736858419517
2024-06-07,-0.009260835293048731
2024-06-10,-0.020163342118823025
2024-06-11,-0.013397319308350204
2024-06-12,-0.0029760344285116444
2024-06-13,0.010322181183431523
2024-06-14,-0.009812928458930184
2024-06-18,-0.00034193255067243526
2024-06-19,0.016663394956812776
2024-06-20,0.009783355023042799
2024-06-21,0.0024619566036622456
2024-06-24,-0.004777839304431022
2024-06-25,0.01608094669601863
2024-06-26,-0.003677965119580835
2024-06-27,0.002869666860820461
2024-06-28,-0.010736239140852706
2024-07-01,0.01437074208049323
2024-07-02,-0.010333216415056374
2024-07-03,-0.0030734727194658166
2024-07-04,0.013306605942859205
2024-07-05,0.008759999040529938
2024-07-08,0.005928740560057008
2024-07-09,0.0028657310296909136
2024-07-10,-0.002545744225437218
2024-07-11,0.0025297966776512684
2024-07-12,0.005255808340704902
2024-07-15,0.00939603119804288
2024-07-16,0.0007498631186318545
2024-07-18,0.014302335959075124
2024-07-19,0.016180572838762376
2024-07-22,-0.027059687030247703
2024-07-23,0.023433627244989704
2024-07-24,-0.006032086923287239
2024-07-25,0.006711012944468482
2024-07-26,0.014879432444350974
2024-07-29,-0.004696958127133341
2024-07-30,0.0054698944135105326
2024-07-31,0.006639772476111681
2024-08-01,-0.012865819255981098
2024-08-02,0.010271973480447187
2024-08-05,0.021841641031991946
2024-08-06,0.005312516246196106
2024-08-07,-0.016210598683560097
2024-08-08,0.008735571818531539
2024-08-09,-0.010915297178072915
2024-08-12,0.002893598973278489
2024-08-13,0.015924308219028387
2024-08-14,0.006381652934777987
2024-08-16,-0.005440135438954472
2024-08-19,-0.0042163599629588015
2024-08-20,0.0033778626724841948
2024-08-21,0.006876457213279886
2024-08-22,0.01656903504065573
2024-08-23,0.010107486369605343
2024-08-26,-0.005812470497799426
2024-08-27,0.006902088282603962
2024-08-28,0.00023490664663098848
2024-08-29,-0.0006977288328637518
2024-08-30,-0.0059004642437336845
2024-09-02,0.02325821296554157
2024-09-03,0.00495580693497983
2024-09-04,-0.0005020681493472332
2024-09-05,0.009043175790071455
2024-09-06,0.004451766022329032
2024-09-09,0.018892987111792846
2024-09-10,0.005880078565877882
2024-09-11,-0.0009340521466133549
2024-09-12,0.008987625998301666
2024-09-13,0.002092245567489668
2024-09-16,0.016216270651961476
2024-09-17,-0.0024307546379766787
2024-09-18,0.0011676516696921073
2024-09-19,0.0034012385798293425
2024-09-20,0.015089454010463984
2024-09-23,0.010111448817878291
2024-09-24,0.0004531821060309802
2024-09-25,-0.008173296969382772
2024-09-26,0.007652700083330205
2024-09-27,0.00019277404559980501
2024-09-30,0.00026313682777129955
2024-10-01,-0.0015170444749599784
2024-10-03,-0.009521882014243756
2024-10-04,-0.002514018611399659
2024-10-07,-0.011227337270249483
2024-10-08,-0.0009155227245713955
2024-10-09,0.0027911669532059958
2024-10-10,0.015242822466086652
2024-10-11,0.0008311633214795039
2024-10-14,-0.000972083435385165
2024-10-15,-0.008637324127194911
2024-10-16,-0.02047034372665778
2024-10-17,-0.0033848328739089894
2024-10-18,0.008986579067725662
2024-10-21,-0.014408661040555227
2024-10-22,-0.008574297004186113
2024-10-23,-0.01287560609403127
2024-10-24,0.011687256418200391
2024-10-25,-0.008434406012957169
2024-10-28,0.007142001009781781
2024-10-29,0.015063648233571342
2024-10-30,0.009102834692148636
2024-10-31,0.006205065840017105
2024-11-01,0.015332745418098887
2024-11-04,-0.013944401861634847
2024-11-05,0.012148012459973502
2024-11-06,0.001714266307919655
2024-11-07,0.0005336577505551345
2024-11-08,-0.012435942300745163
2024-11-11,-0.0014831292531397246
2024-11-12,-0.017868937513338252
2024-11-13,-0.021410099109965858
2024-11-14,-0.008554229751856594
2024-11-18,0.027069836943648562
2024-11-19,-0.01594325082530176
2024-11-21,-0.005639277462777375
2024-11-22,0.015847735136876092
2024-11-25,0.0135958437300258
2024-11-26,-0.006753940778593276
2024-11-27,0.010801014599022567
2024-11-28,-0.0008841291894338127
2024-11-29,0.009486940898445428
2024-12-02,0.0037277150345120425
2024-12-03,0.00800773904095612
2024-12-04,-0.0184887445479199
2024-12-05,0.008937068932790528
2024-12-06,0.006293290897614244
2024-12-09,0.006293406660153128
2024-12-10,-0.0034904753280566333
2024-12-11,0.0027906329764765363
2024-12-12,-0.011036921244866707
2024-12-13,0.0006968865587765369
2024-12-16,-0.006184210271076822
2024-12-17,-0.013521885403459197
2024-12-18,-0.017595880328132814
2024-12-19,-0.007495958731146108
2024-12-20,-0.01169317403736021
2024-12-23,0.0017157621314255512
2024-12-24,-0.0007133770159599481
2024-12-26,0.015221163308539305
2024-12-27,-0.012919338760093466
2024-12-30,-0.01915102686931515
2024-12-31,0.018217831995454837
2025-01-01,0.0019420763694007375
2025-01-02,0.014696758229829703
2025-01-03,0.02313173877802041
2025-01-06,-0.029696963776364802
2025-01-07,0.017654546054920697
2025-01-08,-0.004982475533213731
2025-01-09,-0.010990306447489818
2025-01-10,-0.024183318709843582
2025-01-13,-0.01710633955273698
2025-01-14,0.03366634979588073
2025-01-15,-0.0025252903801838214
2025-01-16,0.0193719807354071
2025-01-17,0.016689137350929195
2025-01-20,0.009700500242156691
2025-01-21,-0.015775937667220127
2025-01-22,-0.030508894885952192
2025-01-23,0.01351092715407579
2025-01-24,0.008433526973141765
2025-01-27,-0.0006645365740951016
2025-01-28,0.004038646846829276
2025-01-29,0.003651379375950213
2025-01-30,0.010176607549691899
2025-01-31,0.026140651581572937
2025-02-01,-0.009974532139506095
2025-02-03,-0.015157866133919767
2025-02-04,0.01419292871301132
2025-02-05,0.011645638546897383
2025-02-06,-0.006282836484138621
2025-02-07,0.0029101264870034236
2025-02-10,-0.014262119000929727
2025-02-11,0.005469166880290964
2025-02-12,0.003276318889257637
2025-02-13,0.003151385134177608
2025-02-14,-0.018160821575689108
2025-02-17,0.009703806624133194
2025-02-18,-0.004830523732893172
2025-02-19,0.021454307094054045
2025-02-20,0.028541695710263857
2025-02-21,0.0011327315592540993
2025-02-24,-0.002645829522104188
2025-02-25,-0.0015185844942892566
2025-02-27,-0.0045311858331932445
2025-02-28,0.015154489264770211
2025-03-03,0.002241913608067799
2025-03-04,0.014382398849918591
2025-03-05,0.01881458887727858
2025-03-06,0.010075799476313334
2025-03-07,0.011056128042907206
2025-03-10,0.004841902222012464
2025-03-11,-0.0014122416373063492
2025-03-12,-0.0010734994361833524
2025-03-13,-0.0027596108700975583
2025-03-17,-0.014994264903518259
2025-03-18,0.0
2025-03-19,-0.007191703062903242
2025-03-20,-0.0019086840497991575
2025-03-21,-0.009733633506650446
2025-03-24,-0.013887307207929354
2025-03-25,0.011343814581029479
2025-03-26,0.014615550942860243
2025-03-27,0.013861397902272084
2025-03-28,-0.010775863525149464
2025-04-01,0.010285201721020234
2025-04-02,-0.0012795785429572763
2025-04-03,0.011088898258970916
2025-04-04,-0.011561823318381606
2025-04-07,0.02320232527631306
2025-04-08,-0.0016494685481340634
2025-04-09,-0.009447194926354733
2025-04-11,-0.015844118758163807
2025-04-15,0.009447121715711573
2025-04-16,0.0027095558616734164
2025-04-17,-0.014783650223670359
2025-04-21,-0.015669441217318586
2025-04-22,-0.013794564348414112
2025-04-23,0.026427729931209957
2025-04-24,0.0031982744440427853
2025-04-25,0.007707240634723693
2025-04-28,-0.013392700243474411
2025-04-29,0.026712844530996295
2025-04-30,-0.0003953900459904222
2025-05-02,0.01188568672758439
2025-05-05,0.021619981919853988
2025-05-06,0.012674403179666166
2025-05-07,-0.016872965324340943
2025-05-08,0.00695969654213688
2025-05-09,0.014936343212534545
2025-05-12,-0.007634571516600575
2025-05-13,0.015863514414187103
2025-05-14,0.015018787087254253
2025-05-15,-0.00791938138580776
2025-05-16,-0.007523820474764959
2025-05-19,-0.004378628789144486
2025-05-20,0.008559399102846737
2025-05-21,0.011760535180604173
2025-05-22,-0.0008734454188885749
2025-05-23,-0.01959258264454252
2025-05-26,0.009098987284751139
2025-05-27,0.007113402900092627
2025-05-28,-0.0016486218019138943
2025-05-29,-0.000898565442407161
2025-05-30,-0.002148008554185699
2025-06-02,0.0016499562363621468
2025-06-03,0.016760273702706937
2025-06-04,-0.0024360027644425943
2025-06-05,0.0076325587931161095
2025-06-06,-0.013822949920993116
2025-06-09,-0.008722221858139414
2025-06-10,0.00889949304212322
2025-06-11,0.016229879561102698
2025-06-12,0.015477573287771239
2025-06-13,0.020046189984651148
2025-06-16,-0.0144007362924162
2025-06-17,0.006635620714659296
2025-06-18,-0.0003331948123304413
2025-06-19,-0.004133573394738668
2025-06-20,-0.013359622530011574
2025-06-23,-0.01870173259065144
2025-06-24,-0.024799469778753903
2025-06-25,0.008308163117702603
2025-06-26,-0.02466996107396633
2025-06-27,0.005765853475774054
2025-06-30,0.02070690467132797
2025-07-01,-0.021231412651781995
2025-07-02,0.008577060082839563
2025-07-03,0.020138680582954264
2025-07-04,0.009590031138539198
2025-07-07,-0.009725971032045602
2025-07-08,-0.016984238600718987
2025-07-09,-0.0030060167444910333
2025-07-10,-0.006804245908292725
2025-07-11,0.004419828982198512
2025-07-14,-0.0007651635101997324
2025-07-15,0.0053974704989907234
2025-07-16,0.006814306263490382
2025-07-17,-0.0010750484312851269
2025-07-18,0.013045926004131238
2025-07-21,-0.014655536650513706
2025-07-22,0.0011007488802605037
2025-07-23,-0.0010367338854676855
2025-07-24,0.012094009557158208
2025-07-25,0.004730111013476186
2025-07-28,0.010070718792067411
2025-07-29,0.00022440753186939752
2025-07-30,-0.0016578955586144964
2025-07-31,0.005694770399781315
2025-08-01,-0.0015064296696420993
2025-08-04,-0.00150616429615163
2025-08-05,0.01445550464617417
2025-08-06,-0.019664654529408906
2025-08-07,0.007769775488087901
2025-08-08,0.007096742492634293
2025-08-11,0.00032412347909991897
2025-08-12,0.013387248849250804
2025-08-13,0.01356186431170856
2025-08-14,0.0036881687965365953
2025-08-18,-0.007850987360012149
2025-08-19,-0.006547335916543588
2025-08-20,0.0016448790542905574
2025-08-21,0.00025170786658692277
2025-08-22,-0.0006472011338228268
2025-08-25,0.021482381159323702
2025-08-26,-0.016475474168740917
2025-08-28,-0.007868889074685588
2025-08-29,0.00833908204137945
2025-09-01,0.006727032438367714
2025-09-02,0.0006533570157084089
2025-09-03,0.005276998948769995
2025-09-04,-0.006411974988414419
2025-09-05,-0.010089245990547112
2025-09-08,-0.019291169437713262
2025-09-09,0.005373609231716786
2025-09-10,0.018629731068227462
2025-09-11,0.012435455219721791
2025-09-12,0.008649890694674115
2025-09-15,-0.009299030936568914
2025-09-16,0.023182663769044785
2025-09-17,0.02500959496774294
2025-09-18,0.0029367899769988637
2025-09-19,-0.006611784815015641
2025-09-22,-0.012926707107264276
2025-09-23,0.011593715087757868
2025-09-24,0.0006761504947764599
2025-09-25,-0.013060950926905672
2025-09-26,-0.02575014820275942
2025-09-29,0.009228840709524136
2025-09-30,-0.015321371841991326
2025-10-01,0.02533325903576254
2025-10-03,0.014102434905240008
2025-10-06,0.026821210302944477
2025-10-07,-0.0014987599667427836
2025-10-08,-0.0069873869864607524
2025-10-09,0.01845611032830688
2025-10-10,0.027086117802219322
2025-10-13,0.0037629761331255404
2025-10-14,0.011097713947093427
2025-10-15,-0.008998904795192426
2025-10-16,0.020291173072856317
2025-10-17,-0.0008473488053041499
2025-10-20,0.021851682353410586
2025-10-21,-0.010545551663099171
2025-10-23,0.02723019126111537
2025-10-24,-0.015304666100491731
2025-10-27,-0.00526031967017045
2025-10-28,-0.02216218771639485
2025-10-29,0.005284911514351621
2025-10-30,-0.028879940480468977
2025-10-31,-0.009622592580368083
2025-11-03,0.003882532233669711
2025-11-04,-0.01976735454977441
2025-11-06,-0.004470717564697811
2025-11-07,-0.005676409286526879
2025-11-10,0.013421893431597677
2025-11-11,0.01521863607539586
2025-11-12,0.013550719471094028
2025-11-13,0.009641549139815625
2025-11-14,0.025578631528654958
2025-11-17,0.02376156587811696
2025-11-18,0.004823652166693464
2025-11-19,0.017893610718041766
2025-11-20,0.003218325825642603
2025-11-21,0.013890249168904285
2025-11-24,0.009622462945635023
2025-11-25,-0.024057258351040983
2025-11-26,0.008827723900084202
2025-11-27,0.009196290634448701
2025-11-28,-0.0031065557289094783
2025-12-01,0.012376181845629447
2025-12-02,-0.004076278732740186
2025-12-03,0.019806933465579567
2025-12-04,0.009775332224938935
2025-12-05,-0.0027168922008747724
2025-12-08,0.005916778665964606
2025-12-09,-0.0009274827340620387
2025-12-10,0.007139782263836329
2025-12-11,0.013825583867723786
2025-12-12,-0.02216869084314993
2025-12-15,-0.009104523649641068
2025-12-16,-0.008516354321651948
2025-12-17,-0.0009949410754932844
2025-12-18,-0.0183472763936776
2025-12-19,0.004043893416622739
2025-12-22,0.004414413526772382
2025-12-23,0.019888814452688943
2025-12-24,0.005574669220155915
2025-12-26,-0.0016677366444505328
2025-12-29,-0.009084292126432653
2025-12-30,-0.016267575207850306
2025-12-31,0.017594796461171885
2026-01-01,0.009148151285656322
2026-01-02,-0.0008610113809296645
2026-01-05,-0.012142282882325415
2026-01-06,-0.004150080570129433
2026-01-07,-0.005975220644952955
2026-01-08,-0.00459895705936416
2026-01-09,-0.002515237253817182
2026-01-12,-0.0011725332362689123
2026-01-13,0.012847371307808336
2026-01-14,-0.010582441872454386
2026-01-15,0.0
2026-01-16,-0.017695751548681665
2026-01-19,-0.003007873311688143
2026-01-20,0.00524534966018902
2026-01-21,-0.00826809742091521
2026-01-22,0.00427282791851462
2026-01-23,0.0008465233841741674
2026-01-27,-0.02528421885025383
2026-01-28,0.011985651052260293
2026-01-29,-0.011386978471393375
2026-01-30,0.0052041018322517545
2026-02-02,0.03338329368509947
2026-02-03,0.0002610341630484862
2026-02-04,0.0047302886650002545
2026-02-05,-0.011816766129056303
2026-02-06,0.02136412940988981
2026-02-09,-0.007500102249156377
2026-02-10,-0.0031944259703267208
2026-02-11,0.005454373992448834
2026-02-12,-0.009177091523972463
2026-02-13,-0.001392399424974038
2026-02-16,0.012081327330532363
2026-02-17,0.00040412487079336695
2026-02-18,-0.01650835260327733
2026-02-19,0.004132156849639238
2026-02-20,0.0019367502856430419
2026-02-23,0.01860112776171096
2026-02-24,-0.008783417586483357
2026-02-25,-0.01251224488149104
2026-02-26,-0.016087138803697425
2026-02-27,0.0031009799885479707
2026-03-02,0.01084934486108178
2026-03-04,0.008676288658664766
2026-03-05,0.0035733937985114005
2026-03-06,0.004259573743824633
2026-03-09,0.021918310680752305
2026-03-10,0.00040044661218857614
2026-03-11,0.003565536873483304
2026-03-12,-0.007069834395438917
2026-03-13,0.02683831169490589
