Date,z_score,long,short,exit
2017-11-17,,False,False,False
2017-11-20,,False,False,False
2017-11-21,,False,False,False
2017-11-22,,False,False,False
2017-11-23,,False,False,False
2017-11-24,,False,False,False
2017-11-27,,False,False,False
2017-11-28,,False,False,False
2017-11-29,,False,False,False
2017-11-30,,False,False,False
2017-12-01,,False,False,False
2017-12-04,,False,False,False
2017-12-05,,False,False,False
2017-12-06,,False,False,False
2017-12-07,,False,False,False
2017-12-08,,False,False,False
2017-12-11,,False,False,False
2017-12-12,,False,False,False
2017-12-13,,False,False,False
2017-12-14,,False,False,False
2017-12-15,,False,False,False
2017-12-18,,False,False,False
2017-12-19,,False,False,False
2017-12-20,,False,False,False
2017-12-21,,False,False,False
2017-12-22,,False,False,False
2017-12-26,,False,False,False
2017-12-27,,False,False,False
2017-12-28,,False,False,False
2017-12-29,,False,False,False
2018-01-01,,False,False,False
2018-01-02,,False,False,False
2018-01-03,,False,False,False
2018-01-04,,False,False,False
2018-01-05,,False,False,False
2018-01-08,,False,False,False
2018-01-09,,False,False,False
2018-01-10,,False,False,False
2018-01-11,,False,False,False
2018-01-12,,False,False,False
2018-01-15,,False,False,False
2018-01-16,,False,False,False
2018-01-17,,False,False,False
2018-01-18,,False,False,False
2018-01-19,,False,False,False
2018-01-22,,False,False,False
2018-01-23,,False,False,False
2018-01-24,,False,False,False
2018-01-25,,False,False,False
2018-01-29,,False,False,False
2018-01-30,,False,False,False
2018-01-31,,False,False,False
2018-02-01,,False,False,False
2018-02-02,,False,False,False
2018-02-05,,False,False,False
2018-02-06,,False,False,False
2018-02-07,,False,False,False
2018-02-08,,False,False,False
2018-02-09,,False,False,False
2018-02-12,-0.2951099283266946,False,False,False
2018-02-14,0.006565477607778027,False,False,True
2018-02-15,0.1281088444532518,False,False,True
2018-02-16,0.1419601347779881,False,False,True
2018-02-19,0.3222284155180126,False,False,False
2018-02-20,0.3043672371436795,False,False,False
2018-02-21,0.4298372987650605,False,False,False
2018-02-22,0.6354825533181235,False,False,False
2018-02-23,0.45180215936054563,False,False,False
2018-02-26,-0.117647403408169,False,False,True
2018-02-27,0.25759071473938555,False,False,False
2018-02-28,0.6183486331002551,False,False,False
2018-03-01,0.8423410164650573,False,False,False
2018-03-05,1.1000536594544374,False,False,False
2018-03-06,1.783898765320683,False,False,False
2018-03-07,1.5793362316994475,False,False,False
2018-03-08,1.5085972135292927,False,False,False
2018-03-09,1.912125098146703,False,False,False
2018-03-12,1.5546619238024473,False,False,False
2018-03-13,2.0527690036634407,False,True,False
2018-03-14,1.6700133864144646,False,False,False
2018-03-15,1.5650934070580742,False,False,False
2018-03-16,1.661731949463362,False,False,False
2018-03-19,0.8499504081415037,False,False,False
2018-03-20,1.3377573985776452,False,False,False
2018-03-21,0.8210985907298614,False,False,False
2018-03-22,1.4003107995382553,False,False,False
2018-03-23,1.5459466402789825,False,False,False
2018-03-26,0.9862674076441912,False,False,False
2018-03-27,1.0170034209665575,False,False,False
2018-03-28,0.9266395232711652,False,False,False
2018-04-02,0.3871139987336372,False,False,False
2018-04-03,0.12296512518869586,False,False,True
2018-04-04,0.7346195593499307,False,False,False
2018-04-05,0.7895196374506275,False,False,False
2018-04-06,0.6085754270232018,False,False,False
2018-04-09,0.3192067742494932,False,False,False
2018-04-10,0.46666464185061335,False,False,False
2018-04-11,0.7931119222061493,False,False,False
2018-04-12,1.073820898920489,False,False,False
2018-04-13,1.6834108260727374,False,False,False
2018-04-16,1.261496225156246,False,False,False
2018-04-17,1.2770536028760384,False,False,False
2018-04-18,1.2604741545397256,False,False,False
2018-04-19,1.3790170836053013,False,False,False
2018-04-20,1.6184829967541194,False,False,False
2018-04-23,1.396431633767011,False,False,False
2018-04-24,1.409649393676533,False,False,False
2018-04-25,1.5793964357437413,False,False,False
2018-04-26,1.7984169542118198,False,False,False
2018-04-27,2.569648383641589,False,True,False
2018-04-30,2.240345347137496,False,True,False
2018-05-02,2.0759069170999616,False,True,False
2018-05-03,1.5193186393559557,False,False,False
2018-05-04,1.2609569044781799,False,False,False
2018-05-07,1.3955360482061088,False,False,False
2018-05-08,1.723174011467101,False,False,False
2018-05-09,1.7818129748775269,False,False,False
2018-05-10,1.9889532326608765,False,False,False
2018-05-11,1.890584140135077,False,False,False
2018-05-14,1.7178191536429985,False,False,False
2018-05-15,1.7707911827918288,False,False,False
2018-05-16,1.665743677173352,False,False,False
2018-05-17,1.5482630569866243,False,False,False
2018-05-18,1.8511485351674946,False,False,False
2018-05-21,1.6253262378321156,False,False,False
2018-05-22,1.4431517979679607,False,False,False
2018-05-23,1.2541768115460152,False,False,False
2018-05-24,1.578751682936834,False,False,False
2018-05-25,1.5300985422709341,False,False,False
2018-05-28,1.2560952741842377,False,False,False
2018-05-29,1.0837243166044817,False,False,False
2018-05-30,1.2389297926484775,False,False,False
2018-05-31,1.7977393271496074,False,False,False
2018-06-01,0.18220797005925535,False,False,True
2018-06-04,0.035476599791342704,False,False,True
2018-06-05,-0.29811130275676634,False,False,False
2018-06-06,0.07748515667777084,False,False,True
2018-06-07,-0.35577157506913787,False,False,False
2018-06-08,-0.5727064160160669,False,False,False
2018-06-11,-0.7862469099760914,False,False,False
2018-06-12,-1.088765144135604,False,False,False
2018-06-13,-0.7349844827805715,False,False,False
2018-06-14,-0.6623673544227426,False,False,False
2018-06-15,-0.6198339931710838,False,False,False
2018-06-18,-0.3209487114637904,False,False,False
2018-06-19,-0.04982270858656033,False,False,True
2018-06-20,-0.4866715345987164,False,False,False
2018-06-21,-0.4607277265701829,False,False,False
2018-06-22,-0.7325912111025621,False,False,False
2018-06-25,-0.20789050636292397,False,False,False
2018-06-26,-1.1037585051291035,False,False,False
2018-06-27,-1.5450677229611087,False,False,False
2018-06-28,-0.9973523082538505,False,False,False
2018-06-29,-1.1079533407501683,False,False,False
2018-07-02,-1.4372073895387127,False,False,False
2018-07-03,-2.1799586671125644,True,False,False
2018-07-04,-2.931304543376456,True,False,False
2018-07-05,-3.356250587407342,True,False,False
2018-07-06,-3.113091488472344,True,False,False
2018-07-09,-2.988675496397769,True,False,False
2018-07-10,-2.8198151814154224,True,False,False
2018-07-11,-2.31448577101849,True,False,False
2018-07-12,-2.1690954366562596,True,False,False
2018-07-13,-2.4507047035254526,True,False,False
2018-07-16,-2.2399349569076468,True,False,False
2018-07-17,-2.34660937853961,True,False,False
2018-07-18,-2.0215786489995002,True,False,False
2018-07-19,-2.0554878949387234,True,False,False
2018-07-20,-1.9442779756272506,False,False,False
2018-07-23,-2.4155822225636614,True,False,False
2018-07-24,-2.271227947710074,True,False,False
2018-07-25,-2.1528685099498186,True,False,False
2018-07-26,-1.0966902682520656,False,False,False
2018-07-27,-0.675859966794993,False,False,False
2018-07-30,-0.9019899782096584,False,False,False
2018-07-31,-1.3836593968417055,False,False,False
2018-08-01,-1.1936277180927786,False,False,False
2018-08-02,-0.8851623611767099,False,False,False
2018-08-03,-0.9221398489364995,False,False,False
2018-08-06,-1.052104366189748,False,False,False
2018-08-07,-1.0719653386283008,False,False,False
2018-08-08,-0.6500558241426354,False,False,False
2018-08-09,-0.5677746936617076,False,False,False
2018-08-10,0.018830310585534707,False,False,True
2018-08-13,-0.04636468710600576,False,False,True
2018-08-14,-0.057891187731244145,False,False,True
2018-08-16,-0.2413771848141129,False,False,False
2018-08-17,-0.24413957666095287,False,False,False
2018-08-20,-0.08989429523273654,False,False,True
2018-08-21,-0.04963002607076142,False,False,True
2018-08-23,-0.19828178107509437,False,False,True
2018-08-24,0.015027880652282614,False,False,True
2018-08-27,-0.08663800635247074,False,False,True
2018-08-28,-0.6591605554439484,False,False,False
2018-08-29,-0.7198412935342667,False,False,False
2018-08-30,-0.5688762370457265,False,False,False
2018-08-31,-0.02658699891769568,False,False,True
2018-09-03,0.935736784240896,False,False,False
2018-09-04,0.9980972572794947,False,False,False
2018-09-05,1.0579407607335856,False,False,False
2018-09-06,1.303276105498813,False,False,False
2018-09-07,1.3233131272701357,False,False,False
2018-09-10,1.4956415112121555,False,False,False
2018-09-11,1.524780358137727,False,False,False
2018-09-12,1.9354092391758224,False,False,False
2018-09-14,1.8624847728936111,False,False,False
2018-09-17,2.1662314971246177,False,True,False
2018-09-18,2.0833590545816767,False,True,False
2018-09-19,2.224364715000526,False,True,False
2018-09-21,2.3263242532514568,False,True,False
2018-09-24,1.8952452838908485,False,False,False
2018-09-25,1.2869988999757578,False,False,False
2018-09-26,1.4333733336113395,False,False,False
2018-09-27,1.8909280332861116,False,False,False
2018-09-28,1.9522851242073083,False,False,False
2018-10-01,1.8521916134391245,False,False,False
2018-10-03,1.630372298743078,False,False,False
2018-10-04,1.1717875272442928,False,False,False
2018-10-05,1.4252708615574532,False,False,False
2018-10-08,1.730646784314981,False,False,False
2018-10-09,1.6369566541579568,False,False,False
2018-10-10,1.57455995667518,False,False,False
2018-10-11,1.6276116611367004,False,False,False
2018-10-12,1.3709354800182187,False,False,False
2018-10-15,1.3484608706962298,False,False,False
2018-10-16,1.214286271676961,False,False,False
2018-10-17,1.2916695207045348,False,False,False
2018-10-19,1.355925505770948,False,False,False
2018-10-22,1.4816643349115526,False,False,False
2018-10-23,1.463615572452705,False,False,False
2018-10-24,1.5645482061651568,False,False,False
2018-10-25,1.4327445687076839,False,False,False
2018-10-26,1.2946148902132466,False,False,False
2018-10-29,0.9789814003757058,False,False,False
2018-10-30,0.9799114740195403,False,False,False
2018-10-31,1.40655917161208,False,False,False
2018-11-01,1.2354386661632135,False,False,False
2018-11-02,0.6357476884772856,False,False,False
2018-11-05,0.47991563937753445,False,False,False
2018-11-06,0.6668101951450394,False,False,False
2018-11-07,0.5679058708344898,False,False,False
2018-11-09,0.13714872871825706,False,False,True
2018-11-12,0.305325245469595,False,False,False
2018-11-13,0.712691107609041,False,False,False
2018-11-14,0.1873765945287742,False,False,True
2018-11-15,0.22685833728114796,False,False,False
2018-11-16,0.8839912044326699,False,False,False
2018-11-19,0.763979662003844,False,False,False
2018-11-20,0.7857365164450294,False,False,False
2018-11-21,0.3489627881708509,False,False,False
2018-11-22,0.3015736696478063,False,False,False
2018-11-26,-0.251520647094296,False,False,False
2018-11-27,-0.5788760371372508,False,False,False
2018-11-28,-0.8539316446107367,False,False,False
2018-11-29,-0.6355491438147114,False,False,False
2018-11-30,-1.2888351656271382,False,False,False
2018-12-03,-1.7905516930118557,False,False,False
2018-12-04,-1.7184283779828806,False,False,False
2018-12-05,-1.5476076527857785,False,False,False
2018-12-06,-0.5897602128564166,False,False,False
2018-12-07,-0.9566214547889643,False,False,False
2018-12-10,-1.1255538680010284,False,False,False
2018-12-11,-0.7269976572365028,False,False,False
2018-12-12,-0.5523173771836494,False,False,False
2018-12-13,-1.8376378116550973,False,False,False
2018-12-14,-1.3977782538265047,False,False,False
2018-12-17,-1.6807981719196214,False,False,False
2018-12-18,-1.6423050159620676,False,False,False
2018-12-19,-2.1591813562605955,True,False,False
2018-12-20,-1.4394698228050382,False,False,False
2018-12-21,-0.6859548887058197,False,False,False
2018-12-24,-0.9702324929771674,False,False,False
2018-12-26,-1.2223817753542903,False,False,False
2018-12-27,-0.9753871953582549,False,False,False
2018-12-28,-0.8674134773294945,False,False,False
2018-12-31,-0.6539221593846795,False,False,False
2019-01-01,-0.6530069788324896,False,False,False
2019-01-02,-1.3701971727961872,False,False,False
2019-01-03,-1.7708173763245967,False,False,False
2019-01-04,-1.8788482666875357,False,False,False
2019-01-07,-2.401579070164337,True,False,False
2019-01-08,-2.3709469021584026,True,False,False
2019-01-09,-2.2546321180745164,True,False,False
2019-01-10,-1.6631260596268742,False,False,False
2019-01-11,-1.4035559370528212,False,False,False
2019-01-14,-1.6394732344823817,False,False,False
2019-01-15,-1.3195019194121775,False,False,False
2019-01-16,-1.0788419350493488,False,False,False
2019-01-17,-1.3486801182845485,False,False,False
2019-01-18,-1.5257934382874754,False,False,False
2019-01-21,-1.0732732607686724,False,False,False
2019-01-22,-0.5854746263592506,False,False,False
2019-01-23,-0.4355516758369951,False,False,False
2019-01-24,-0.37682959135333516,False,False,False
2019-01-25,1.4660388575146623,False,False,False
2019-01-28,1.4913875103947327,False,False,False
2019-01-29,0.6936432814227953,False,False,False
2019-01-30,0.657072361199953,False,False,False
2019-01-31,0.37422991038873493,False,False,False
2019-02-01,-0.35856585751333664,False,False,False
2019-02-04,-0.08474810645344413,False,False,True
2019-02-05,-0.2227111376802252,False,False,False
2019-02-06,-0.08286459719814572,False,False,True
2019-02-07,0.0894960384060178,False,False,True
2019-02-08,-0.04292675834000329,False,False,True
2019-02-11,-0.28186250316022704,False,False,False
2019-02-12,0.13825750472895193,False,False,True
2019-02-14,-0.14263639809587264,False,False,True
2019-02-15,0.5161608497473128,False,False,False
2019-02-18,0.9050521648762206,False,False,False
2019-02-19,1.3696228436805584,False,False,False
2019-02-20,1.2430823623934166,False,False,False
2019-02-21,1.370439123624745,False,False,False
2019-02-22,0.9405096977045075,False,False,False
2019-02-25,0.9713974028123926,False,False,False
2019-02-26,0.9663990576809457,False,False,False
2019-02-27,0.4395906890232326,False,False,False
2019-02-28,0.5911661529802273,False,False,False
2019-03-01,0.1481984174397128,False,False,True
2019-03-05,0.7255243996696477,False,False,False
2019-03-06,1.0071708376323236,False,False,False
2019-03-07,1.1351659191896573,False,False,False
2019-03-08,1.7039287120538327,False,False,False
2019-03-11,2.0834494452337573,False,True,False
2019-03-12,1.2478165402415802,False,False,False
2019-03-13,1.7430798546258701,False,False,False
2019-03-14,1.565699909351869,False,False,False
2019-03-15,1.5084832686140572,False,False,False
2019-03-18,1.9185046930698102,False,False,False
2019-03-19,1.7301047331779689,False,False,False
2019-03-20,1.9212867104956808,False,False,False
2019-03-22,2.3159411883565526,False,True,False
2019-03-25,2.092513365777478,False,True,False
2019-03-26,1.9260628923941654,False,False,False
2019-03-27,1.8027280896784559,False,False,False
2019-03-28,1.4416040374467225,False,False,False
2019-04-01,0.09722294904387696,False,False,True
2019-04-02,0.2615314262222246,False,False,False
2019-04-03,-0.5946605247784049,False,False,False
2019-04-04,-0.5607161312395572,False,False,False
2019-04-05,-0.259750383496566,False,False,False
2019-04-08,-0.623425923184084,False,False,False
2019-04-09,-0.7544682291872544,False,False,False
2019-04-10,-0.6553396753972178,False,False,False
2019-04-11,-0.6680798299629919,False,False,False
2019-04-12,-1.031847115731315,False,False,False
2019-04-15,-1.114532352784132,False,False,False
2019-04-16,-1.5723247597310503,False,False,False
2019-04-18,-1.7204696121813174,False,False,False
2019-04-22,-1.7224331913240665,False,False,False
2019-04-23,-0.7249144690634352,False,False,False
2019-04-24,-0.4371623327424721,False,False,False
2019-04-25,-0.14527323220671842,False,False,True
2019-04-26,0.08903352796722878,False,False,True
2019-04-30,0.8653358230123355,False,False,False
2019-05-02,0.9625130133925801,False,False,False
2019-05-03,0.6679412336026023,False,False,False
2019-05-06,0.6571554371904487,False,False,False
2019-05-07,0.6753614631789685,False,False,False
2019-05-08,0.848697027080574,False,False,False
2019-05-09,0.942087674939588,False,False,False
2019-05-10,0.8790135366939907,False,False,False
2019-05-13,-0.05462984551985938,False,False,True
2019-05-14,0.18235906087860607,False,False,True
2019-05-15,1.1115639370469308,False,False,False
2019-05-16,1.3689069820630602,False,False,False
2019-05-17,0.9006504578598864,False,False,False
2019-05-20,-0.39594157379137646,False,False,False
2019-05-21,0.14928199080989746,False,False,True
2019-05-22,0.29806628858207584,False,False,False
2019-05-23,-0.5478240917493131,False,False,False
2019-05-24,-0.7899685881489987,False,False,False
2019-05-27,-0.642424655283162,False,False,False
2019-05-28,-0.6536813141345732,False,False,False
2019-05-29,-0.268606079158874,False,False,False
2019-05-30,-0.586959915878529,False,False,False
2019-05-31,-0.5518917903547748,False,False,False
2019-06-03,-1.1604349160933365,False,False,False
2019-06-04,-1.1886895148557006,False,False,False
2019-06-06,-0.8853384878715732,False,False,False
2019-06-07,-0.7727116780640315,False,False,False
2019-06-10,-0.7387817702033561,False,False,False
2019-06-11,-0.7475021211132651,False,False,False
2019-06-12,-0.24350398366138493,False,False,False
2019-06-13,0.07624926880520864,False,False,True
2019-06-14,-0.06522648164629083,False,False,True
2019-06-17,0.5823667448224541,False,False,False
2019-06-18,1.1533657671545057,False,False,False
2019-06-19,1.2583607833004522,False,False,False
2019-06-20,0.49879904759803745,False,False,False
2019-06-21,1.266937592761196,False,False,False
2019-06-24,0.6459564807442505,False,False,False
2019-06-25,0.4382650524604087,False,False,False
2019-06-26,0.7024812761047602,False,False,False
2019-06-27,1.0137995272328548,False,False,False
2019-06-28,0.5121408261481396,False,False,False
2019-07-01,1.0663707280391188,False,False,False
2019-07-02,1.2537244455044132,False,False,False
2019-07-03,0.9017568277540122,False,False,False
2019-07-04,0.9788438989241293,False,False,False
2019-07-05,1.6207432472266834,False,False,False
2019-07-08,2.405493040973948,False,True,False
2019-07-09,2.6251775577058685,False,True,False
2019-07-10,2.3139910872049856,False,True,False
2019-07-11,2.0084644513983334,False,True,False
2019-07-12,2.082300584709315,False,True,False
2019-07-15,1.5161266066870565,False,False,False
2019-07-16,1.337871493316804,False,False,False
2019-07-17,1.18111619286768,False,False,False
2019-07-18,1.923884486908753,False,False,False
2019-07-19,1.7294857460466257,False,False,False
2019-07-22,0.6257135723765661,False,False,False
2019-07-23,0.7837535915371833,False,False,False
2019-07-24,0.7199697957165315,False,False,False
2019-07-25,0.7967620365474468,False,False,False
2019-07-26,1.1725155889584935,False,False,False
2019-07-29,1.4863457262416218,False,False,False
2019-07-30,1.4726750173539016,False,False,False
2019-07-31,1.6909827223306808,False,False,False
2019-08-01,1.4035446510138774,False,False,False
2019-08-02,1.1778186915452962,False,False,False
2019-08-05,0.9321005124865193,False,False,False
2019-08-06,0.6658381463119262,False,False,False
2019-08-07,0.4621524793508728,False,False,False
2019-08-08,0.24224864247168287,False,False,False
2019-08-09,0.07289961579361208,False,False,True
2019-08-13,0.44994593938765437,False,False,False
2019-08-14,0.07166167062005088,False,False,True
2019-08-16,-0.5248941954307742,False,False,False
2019-08-19,-0.7407995647375518,False,False,False
2019-08-20,-1.8273401292530624,False,False,False
2019-08-21,-1.860610231947155,False,False,False
2019-08-22,-2.060494731530008,True,False,False
2019-08-23,-2.234023322497612,True,False,False
2019-08-26,-2.0407283724861816,True,False,False
2019-08-27,-1.7778306213292578,False,False,False
2019-08-28,-0.9973651147556438,False,False,False
2019-08-29,-0.8874595412738586,False,False,False
2019-08-30,-1.1354827598864787,False,False,False
2019-09-03,-1.2056858598205342,False,False,False
2019-09-04,-0.5568750430073587,False,False,False
2019-09-05,-0.9754102906648564,False,False,False
2019-09-06,-1.304321251594981,False,False,False
2019-09-09,-1.8972224452714235,False,False,False
2019-09-11,-2.1531340322024057,True,False,False
2019-09-12,-1.6372351773681757,False,False,False
2019-09-13,-1.7453372836517649,False,False,False
2019-09-16,-1.520105096659141,False,False,False
2019-09-17,-0.9034270552296476,False,False,False
2019-09-18,-0.9245584971064068,False,False,False
2019-09-19,-0.6898962780269723,False,False,False
2019-09-20,-1.3068542330719473,False,False,False
2019-09-23,-1.3875850304787936,False,False,False
2019-09-24,-2.056278927331322,True,False,False
2019-09-25,-1.4060671468811101,False,False,False
2019-09-26,-1.772253645132513,False,False,False
2019-09-27,-1.54401277646274,False,False,False
2019-09-30,-1.3537741452357923,False,False,False
2019-10-01,-1.4417367976333886,False,False,False
2019-10-03,-1.1082611169329715,False,False,False
2019-10-04,-0.949915447267993,False,False,False
2019-10-07,-0.8692398246035672,False,False,False
2019-10-09,-0.9519917635118624,False,False,False
2019-10-10,-0.7223364722933259,False,False,False
2019-10-11,-0.8646092645989507,False,False,False
2019-10-14,-1.093398749091107,False,False,False
2019-10-15,-1.0528920069423098,False,False,False
2019-10-16,-0.9801064039851749,False,False,False
2019-10-17,-0.6951972306753347,False,False,False
2019-10-18,-1.2665640161170464,False,False,False
2019-10-22,-1.2631413344192677,False,False,False
2019-10-23,-1.4359466303479895,False,False,False
2019-10-24,-0.9906230001808126,False,False,False
2019-10-25,-1.025720180805691,False,False,False
2019-10-27,-0.8564070482600317,False,False,False
2019-10-29,-1.2815774089372634,False,False,False
2019-10-30,-0.5201131010382013,False,False,False
2019-10-31,-0.48677166960728646,False,False,False
2019-11-01,-1.0040993313331492,False,False,False
2019-11-04,-0.48408727479316793,False,False,False
2019-11-05,-0.6500501453197642,False,False,False
2019-11-06,-0.08952163697370567,False,False,True
2019-11-07,-0.09249414224040457,False,False,True
2019-11-08,0.5602435339207643,False,False,False
2019-11-11,0.6438014828655152,False,False,False
2019-11-13,0.6042515760857567,False,False,False
2019-11-14,0.4231953002655536,False,False,False
2019-11-15,0.834513440584878,False,False,False
2019-11-18,1.3763397715597345,False,False,False
2019-11-19,2.0478394789297867,False,True,False
2019-11-20,1.0394500545941148,False,False,False
2019-11-21,2.2870263455207493,False,True,False
2019-11-22,2.7117922762328925,False,True,False
2019-11-25,2.1442578318963537,False,True,False
2019-11-26,2.1408541801980783,False,True,False
2019-11-27,1.4253097946596083,False,False,False
2019-11-28,1.6239043593147353,False,False,False
2019-11-29,1.4796765320341578,False,False,False
2019-12-02,0.8928345241430538,False,False,False
2019-12-03,0.5744553492377397,False,False,False
2019-12-04,0.9443726221678579,False,False,False
2019-12-05,1.2626208433959718,False,False,False
2019-12-06,1.3842727350539565,False,False,False
2019-12-09,0.8968567167338611,False,False,False
2019-12-10,1.2513852115459072,False,False,False
2019-12-11,1.3247966929982702,False,False,False
2019-12-12,1.603021268507658,False,False,False
2019-12-13,0.6445791859462627,False,False,False
2019-12-16,0.6488164793242825,False,False,False
2019-12-17,0.4398794202189279,False,False,False
2019-12-18,0.26495438430495505,False,False,False
2019-12-19,0.8673364029373586,False,False,False
2019-12-20,0.5671373200356827,False,False,False
2019-12-23,0.03324885793549933,False,False,True
2019-12-24,-0.1015235706746651,False,False,True
2019-12-26,0.4560752526330634,False,False,False
2019-12-27,0.09044073586129474,False,False,True
2019-12-30,0.2519883051454779,False,False,False
2019-12-31,0.20918050728589316,False,False,False
2020-01-01,0.05590207140599258,False,False,True
2020-01-02,-0.5043700524966244,False,False,False
2020-01-03,-0.5198371537511007,False,False,False
2020-01-06,0.2277284078457581,False,False,False
2020-01-07,0.006528564894683488,False,False,True
2020-01-08,-0.6930479509962114,False,False,False
2020-01-09,-1.2481582310047794,False,False,False
2020-01-10,-1.6415160233163106,False,False,False
2020-01-13,-1.8475335882749062,False,False,False
2020-01-14,-1.7514569837118215,False,False,False
2020-01-15,-2.047510545636988,True,False,False
2020-01-16,-1.1393935083551752,False,False,False
2020-01-17,-1.662124658733006,False,False,False
2020-01-20,-1.2534067440611845,False,False,False
2020-01-21,-0.8460491257241854,False,False,False
2020-01-22,-0.005689484950643401,False,False,True
2020-01-23,-0.2773670467188003,False,False,False
2020-01-24,-0.17830263977103125,False,False,True
2020-01-27,-0.13285231263013506,False,False,True
2020-01-28,0.6225533708190035,False,False,False
2020-01-29,-0.37274092492956806,False,False,False
2020-01-30,-0.2957664392004171,False,False,False
2020-01-31,0.21919781682924938,False,False,False
2020-02-03,-0.7337106240850803,False,False,False
2020-02-04,-2.0298706566078715,True,False,False
2020-02-05,-1.1865097581819053,False,False,False
2020-02-06,-0.18497613856125925,False,False,True
2020-02-07,-0.5688846776866946,False,False,False
2020-02-10,-0.8136629353897376,False,False,False
2020-02-11,-1.5212419252285614,False,False,False
2020-02-12,-1.2650364367869718,False,False,False
2020-02-13,-0.9694533833345108,False,False,False
2020-02-14,-1.102762564344281,False,False,False
2020-02-17,-1.2040481708012012,False,False,False
2020-02-18,-0.30824759214777725,False,False,False
2020-02-19,-0.029158912941257706,False,False,True
2020-02-20,-0.03914700078597526,False,False,True
2020-02-24,0.6327826067558643,False,False,False
2020-02-25,0.5238637861041474,False,False,False
2020-02-26,1.1430540202700605,False,False,False
2020-02-27,0.7069898248150228,False,False,False
2020-02-28,0.26020121742643804,False,False,False
2020-03-02,0.7276092695855295,False,False,False
2020-03-03,1.142395708047189,False,False,False
2020-03-04,0.44153394790174527,False,False,False
2020-03-05,1.1715657935899157,False,False,False
2020-03-06,0.6823987420244929,False,False,False
2020-03-09,2.3609098608591528,False,True,False
2020-03-11,2.4095295929112326,False,True,False
2020-03-12,3.7913851961149123,False,True,False
2020-03-13,3.2002738002982114,False,True,False
2020-03-16,3.3766783248703622,False,True,False
2020-03-17,3.017597995439925,False,True,False
2020-03-18,2.894049158359147,False,True,False
2020-03-19,3.67836772627359,False,True,False
2020-03-20,2.9402717602048445,False,True,False
2020-03-23,3.7209018329446457,False,True,False
2020-03-24,2.9769135375109474,False,True,False
2020-03-25,1.8123977578764903,False,False,False
2020-03-26,2.0879911790530046,False,True,False
2020-03-27,2.260849258050362,False,True,False
2020-03-30,2.359317240186328,False,True,False
2020-03-31,2.206677884518074,False,True,False
2020-04-01,2.123817391957055,False,True,False
2020-04-03,2.286510014529116,False,True,False
2020-04-07,1.4210332412135722,False,False,False
2020-04-08,1.1519758054510851,False,False,False
2020-04-09,0.24585689989806792,False,False,False
2020-04-13,0.18652316700313543,False,False,True
2020-04-15,0.465689943993032,False,False,False
2020-04-16,0.396867780172506,False,False,False
2020-04-17,0.19156635478247072,False,False,True
2020-04-20,0.2893692171078027,False,False,False
2020-04-21,0.6153523531924261,False,False,False
2020-04-22,0.33763047399224144,False,False,False
2020-04-23,0.49532931167543764,False,False,False
2020-04-24,0.5085908651525248,False,False,False
2020-04-27,0.6144439039152048,False,False,False
2020-04-28,0.7150803955002096,False,False,False
2020-04-29,0.660245588166153,False,False,False
2020-04-30,0.23984679793207822,False,False,False
2020-05-04,0.7557584497127143,False,False,False
2020-05-05,0.8567879026278479,False,False,False
2020-05-06,0.8207106735900491,False,False,False
2020-05-07,1.0242160738254484,False,False,False
2020-05-08,1.1157077500108474,False,False,False
2020-05-11,0.7007894410726397,False,False,False
2020-05-12,0.6034288468339043,False,False,False
2020-05-13,0.451558787535568,False,False,False
2020-05-14,0.1742848111748426,False,False,True
2020-05-15,0.2014725615216396,False,False,False
2020-05-18,0.5248289899408056,False,False,False
2020-05-19,0.30472357187695864,False,False,False
2020-05-20,0.39014259401333695,False,False,False
2020-05-21,0.17970156045320831,False,False,True
2020-05-22,-0.12866771576913302,False,False,True
2020-05-26,-0.01618748177851446,False,False,True
2020-05-27,0.03972774783483303,False,False,True
2020-05-28,0.06556896441244157,False,False,True
2020-05-29,-0.18082491635175987,False,False,True
2020-06-01,-0.48477506506889523,False,False,False
2020-06-02,-0.0095988042442365,False,False,True
2020-06-03,0.2357425005645944,False,False,False
2020-06-04,-0.1576901644501009,False,False,True
2020-06-05,-0.2482310933418888,False,False,False
2020-06-08,-0.6451222046842251,False,False,False
2020-06-09,-0.3693918590788111,False,False,False
2020-06-10,-0.4090054864842241,False,False,False
2020-06-11,0.027715932905115745,False,False,True
2020-06-12,-0.19379253220681839,False,False,True
2020-06-15,-0.15262518842940853,False,False,True
2020-06-16,-0.08778316602408498,False,False,True
2020-06-17,-0.8788598558068327,False,False,False
2020-06-18,-0.585677752000415,False,False,False
2020-06-19,-1.0825598805042502,False,False,False
2020-06-22,-0.8684617775339503,False,False,False
2020-06-23,-0.5869254839378936,False,False,False
2020-06-24,0.44247520452261707,False,False,False
2020-06-25,0.1280020067611085,False,False,True
2020-06-26,0.496673941505768,False,False,False
2020-06-29,0.5628135534299034,False,False,False
2020-06-30,0.08233529835851684,False,False,True
2020-07-01,0.3733470498195259,False,False,False
2020-07-02,-0.3833452893488929,False,False,False
2020-07-03,0.5269025289546702,False,False,False
2020-07-06,-0.36683648582004635,False,False,False
2020-07-07,-0.150996536255185,False,False,True
2020-07-08,0.3653242940146032,False,False,False
2020-07-09,0.7838850265122741,False,False,False
2020-07-10,1.0551754778489992,False,False,False
2020-07-13,1.0764644932658372,False,False,False
2020-07-14,1.545588808339354,False,False,False
2020-07-15,0.8347155065652903,False,False,False
2020-07-16,0.32218200149452336,False,False,False
2020-07-17,0.20019765548265267,False,False,False
2020-07-20,1.2402794078527746,False,False,False
2020-07-21,0.4919734414318911,False,False,False
2020-07-22,1.1820108019861493,False,False,False
2020-07-23,2.166045533893893,False,True,False
2020-07-24,2.401430674003799,False,True,False
2020-07-27,1.619915811082382,False,False,False
2020-07-28,0.5132223571219215,False,False,False
2020-07-29,1.7630533765713143,False,False,False
2020-07-30,0.8453874031791138,False,False,False
2020-07-31,0.056832253942594974,False,False,True
2020-08-03,1.1251250328086486,False,False,False
2020-08-04,-0.09483123729441219,False,False,True
2020-08-05,0.039808308730375976,False,False,True
2020-08-06,-0.6437651834369205,False,False,False
2020-08-07,-1.4475371215900674,False,False,False
2020-08-10,-1.5525486434931772,False,False,False
2020-08-11,-1.665036485654056,False,False,False
2020-08-12,-1.2357254099250208,False,False,False
2020-08-13,-2.249458185866704,True,False,False
2020-08-14,-3.0518968644285724,True,False,False
2020-08-17,-2.7689671569256022,True,False,False
2020-08-18,-2.953646424542588,True,False,False
2020-08-19,-3.289637669521255,True,False,False
2020-08-20,-2.8220358840415343,True,False,False
2020-08-21,-2.340664335384,True,False,False
2020-08-24,-2.6202006580146406,True,False,False
2020-08-25,-2.243998604673382,True,False,False
2020-08-26,-1.481453619567563,False,False,False
2020-08-27,-1.8719438982802363,False,False,False
2020-08-28,-1.9721700318293751,False,False,False
2020-08-31,-1.7725673942106983,False,False,False
2020-09-01,-1.6650445303248465,False,False,False
2020-09-02,-1.3907201239551303,False,False,False
2020-09-03,-1.4611942233928985,False,False,False
2020-09-04,-2.11962159318264,True,False,False
2020-09-07,-1.9943419298155025,False,False,False
2020-09-08,-2.1228137416854684,True,False,False
2020-09-09,-1.9018825292537302,False,False,False
2020-09-10,-1.8681928490933488,False,False,False
2020-09-11,-1.7646688986609698,False,False,False
2020-09-14,-1.5175765932058647,False,False,False
2020-09-15,-1.3511447707657982,False,False,False
2020-09-16,-1.1951242931077826,False,False,False
2020-09-17,-1.327681722108616,False,False,False
2020-09-18,-0.9089699054626098,False,False,False
2020-09-21,-0.1957982389754478,False,False,True
2020-09-22,0.14055016409016993,False,False,True
2020-09-23,0.04797507621385146,False,False,True
2020-09-24,0.4077693916069461,False,False,False
2020-09-25,0.29919739918526034,False,False,False
2020-09-28,0.05953483309056589,False,False,True
2020-09-29,0.05030038546758385,False,False,True
2020-09-30,0.08530434361548815,False,False,True
2020-10-01,-0.08366568619144756,False,False,True
2020-10-05,-0.05977056156314892,False,False,True
2020-10-06,-0.33393363373689966,False,False,False
2020-10-07,-0.5458587263627019,False,False,False
2020-10-08,-0.7948977047195444,False,False,False
2020-10-09,-0.6597918804605363,False,False,False
2020-10-12,-1.0796356119566837,False,False,False
2020-10-13,-0.4951673336093788,False,False,False
2020-10-14,-0.16259443722499442,False,False,True
2020-10-15,0.19142325992173018,False,False,True
2020-10-16,0.3636898759090955,False,False,False
2020-10-19,0.07886423468581039,False,False,True
2020-10-20,0.12082011473777615,False,False,True
2020-10-21,-0.010233889356583323,False,False,True
2020-10-22,0.06911829571786611,False,False,True
2020-10-23,-0.9540998749908023,False,False,False
2020-10-26,-1.327663709172819,False,False,False
2020-10-27,-1.690546420657954,False,False,False
2020-10-28,-1.633367513293871,False,False,False
2020-10-29,-1.2782347825898088,False,False,False
2020-10-30,-0.9918936545793102,False,False,False
2020-11-02,-1.0131756244621264,False,False,False
2020-11-03,-0.5842171362368223,False,False,False
2020-11-04,-0.7431135477465638,False,False,False
2020-11-05,-1.2140924440885634,False,False,False
2020-11-06,-0.012244675662589929,False,False,True
2020-11-09,0.726329992301839,False,False,False
2020-11-10,1.5333165408678466,False,False,False
2020-11-11,2.0146911503914096,False,True,False
2020-11-12,2.211507717599311,False,True,False
2020-11-13,3.4088799014840903,False,True,False
2020-11-14,3.0884842602427547,False,True,False
2020-11-17,2.4059840149485807,False,True,False
2020-11-18,2.46859977417516,False,True,False
2020-11-19,2.223844447557827,False,True,False
2020-11-20,2.3157837500371397,False,True,False
2020-11-23,2.152877565675482,False,True,False
2020-11-24,2.0726192964470314,False,True,False
2020-11-25,1.7314142311983678,False,False,False
2020-11-26,1.5860716946128173,False,False,False
2020-11-27,1.335108577175413,False,False,False
2020-12-01,1.0978848600992495,False,False,False
2020-12-02,0.7689234392976266,False,False,False
2020-12-03,-0.6905454929926207,False,False,False
2020-12-04,-0.8673507017472246,False,False,False
2020-12-07,-0.6675799114470178,False,False,False
2020-12-08,-0.8146030682453654,False,False,False
2020-12-09,-0.6730894246798085,False,False,False
2020-12-10,-1.0683503072574525,False,False,False
2020-12-11,-1.1772115369414664,False,False,False
2020-12-14,-1.4535492952311062,False,False,False
2020-12-15,-1.211360995456361,False,False,False
2020-12-16,-1.2901777756661692,False,False,False
2020-12-17,-0.9814711726286336,False,False,False
2020-12-18,-0.4997626266922307,False,False,False
2020-12-21,-0.41944395553727043,False,False,False
2020-12-22,-0.1842527744348562,False,False,True
2020-12-23,-0.33098865711134784,False,False,False
2020-12-24,-0.3629422229644675,False,False,False
2020-12-28,-0.37628401459006394,False,False,False
2020-12-29,-0.22890487976686757,False,False,False
2020-12-30,-0.36887647944873525,False,False,False
2020-12-31,-0.3937807290643096,False,False,False
2021-01-01,-0.44565100481702014,False,False,False
2021-01-04,0.13708664213846097,False,False,True
2021-01-05,0.36590740509179936,False,False,False
2021-01-06,0.26213550359444315,False,False,False
2021-01-07,0.4550017350914396,False,False,False
2021-01-08,-0.23133754458362196,False,False,False
2021-01-11,-0.7556379151354423,False,False,False
2021-01-12,-0.039929620930659326,False,False,True
2021-01-13,0.02791474383327974,False,False,True
2021-01-14,0.09880782501782134,False,False,True
2021-01-15,0.2913346965829668,False,False,False
2021-01-18,0.9179323289742581,False,False,False
2021-01-19,0.686922914097982,False,False,False
2021-01-20,0.016477509651849704,False,False,True
2021-01-21,0.44233616954265503,False,False,False
2021-01-22,0.7579890879807143,False,False,False
2021-01-25,0.3464205243899992,False,False,False
2021-01-27,0.19915730739705131,False,False,True
2021-01-28,1.0783065188366405,False,False,False
2021-01-29,1.8430990741744726,False,False,False
2021-02-01,1.7518412006959834,False,False,False
2021-02-02,1.3069930581108815,False,False,False
2021-02-03,1.508228412999797,False,False,False
2021-02-04,1.5550778745061862,False,False,False
2021-02-05,1.7250250475894542,False,False,False
2021-02-08,1.6423789311445,False,False,False
2021-02-09,1.3450406832620379,False,False,False
2021-02-10,1.1285456800306255,False,False,False
2021-02-11,0.5957343261867467,False,False,False
2021-02-12,0.6821467847617542,False,False,False
2021-02-15,0.5627141147375908,False,False,False
2021-02-16,0.07410997834970275,False,False,True
2021-02-17,0.4723015670234067,False,False,False
2021-02-18,0.26489295443956623,False,False,False
2021-02-19,0.4327541291407958,False,False,False
2021-02-22,0.5715039197092219,False,False,False
2021-02-23,1.1075830130682793,False,False,False
2021-02-24,1.2705200878517044,False,False,False
2021-02-25,1.4032689761510686,False,False,False
2021-02-26,1.2628373758075984,False,False,False
2021-03-01,1.1121814713186255,False,False,False
2021-03-02,0.7632409064008961,False,False,False
2021-03-03,0.9735070285018824,False,False,False
2021-03-04,0.8902001746375782,False,False,False
2021-03-05,0.49157257597618903,False,False,False
2021-03-08,0.4101332124250061,False,False,False
2021-03-09,0.31165399850836895,False,False,False
2021-03-10,0.8515136389611492,False,False,False
2021-03-12,1.1724432336750505,False,False,False
2021-03-15,1.3692287673070032,False,False,False
2021-03-16,1.0859625016098855,False,False,False
2021-03-17,1.2480989172238126,False,False,False
2021-03-18,1.1591355200816116,False,False,False
2021-03-19,1.1029033217990225,False,False,False
2021-03-22,1.2105649137908545,False,False,False
2021-03-23,1.0553389119279104,False,False,False
2021-03-24,1.1630978484216579,False,False,False
2021-03-25,1.5640841040124371,False,False,False
2021-03-26,1.3990117077118591,False,False,False
2021-03-30,1.6636924367339243,False,False,False
2021-03-31,1.3561862756682994,False,False,False
2021-04-01,1.2681798191986582,False,False,False
2021-04-05,0.9963469961684646,False,False,False
2021-04-06,0.8105971071252415,False,False,False
2021-04-07,0.726606954080639,False,False,False
2021-04-08,0.9621836148124878,False,False,False
2021-04-09,0.7122930181560743,False,False,False
2021-04-12,1.23311602660953,False,False,False
2021-04-13,0.46298486086237534,False,False,False
2021-04-15,0.5121974577008328,False,False,False
2021-04-16,0.67595333812499,False,False,False
2021-04-19,0.7140519984741273,False,False,False
2021-04-20,-0.2797000676279798,False,False,False
2021-04-22,-0.3800842108231519,False,False,False
2021-04-23,-0.7804347475950292,False,False,False
2021-04-26,-0.031766782988995636,False,False,True
2021-04-27,0.6783074403709168,False,False,False
2021-04-28,2.005466194714834,False,True,False
2021-04-29,1.323615277598571,False,False,False
2021-04-30,1.4764151759545838,False,False,False
2021-05-03,0.34056687235062805,False,False,False
2021-05-04,0.5405444813059002,False,False,False
2021-05-05,0.10540286062734676,False,False,True
2021-05-06,0.46246480752122543,False,False,False
2021-05-07,-0.03670472302765896,False,False,True
2021-05-10,-0.037903403167911624,False,False,True
2021-05-11,0.4135361105433346,False,False,False
2021-05-12,-0.2512183000064526,False,False,False
2021-05-14,-0.25737074917417474,False,False,False
2021-05-17,0.6548629101316964,False,False,False
2021-05-18,1.0847621890906374,False,False,False
2021-05-19,1.2156425106814492,False,False,False
2021-05-20,1.0103651129268103,False,False,False
2021-05-21,0.3526168507856959,False,False,False
2021-05-24,0.3107243680278783,False,False,False
2021-05-25,1.0644000358591723,False,False,False
2021-05-26,0.20398057201666672,False,False,False
2021-05-27,0.26143116331507377,False,False,False
2021-05-28,0.7598216519659897,False,False,False
2021-05-31,0.3927135446645803,False,False,False
2021-06-01,0.17914866776592098,False,False,True
2021-06-02,-0.4229354610984087,False,False,False
2021-06-03,0.766634330119148,False,False,False
2021-06-04,0.3316395787875992,False,False,False
2021-06-07,-0.06827015236704378,False,False,True
2021-06-08,-0.5311351460518438,False,False,False
2021-06-09,-0.31485309111854026,False,False,False
2021-06-10,-0.42371600578790825,False,False,False
2021-06-11,0.16888288528679266,False,False,True
2021-06-14,0.6322591843858297,False,False,False
2021-06-15,1.1114474379582522,False,False,False
2021-06-16,1.1725629883140183,False,False,False
2021-06-17,1.2992362752089581,False,False,False
2021-06-18,1.9858816994233253,False,False,False
2021-06-21,2.269751456859099,False,True,False
2021-06-22,-0.9430931431911114,False,False,False
2021-06-23,-2.243295710960337,True,False,False
2021-06-24,-3.167480850989369,True,False,False
2021-06-25,-3.488792944617569,True,False,False
2021-06-28,-2.6062149589265746,True,False,False
2021-06-29,-2.1720852673291993,True,False,False
2021-06-30,-2.6210975775059366,True,False,False
2021-07-01,-2.7709337365951634,True,False,False
2021-07-02,-2.6496643107890154,True,False,False
2021-07-05,-2.2092995573869625,True,False,False
2021-07-06,-1.5595767554750848,False,False,False
2021-07-07,-1.1638662607445123,False,False,False
2021-07-08,-0.6831963851838057,False,False,False
2021-07-09,-0.9716557533546669,False,False,False
2021-07-12,-1.2020440623109898,False,False,False
2021-07-13,-0.9870765364694535,False,False,False
2021-07-14,-0.48729994485540745,False,False,False
2021-07-15,-0.709213500346508,False,False,False
2021-07-16,-1.1807016591770814,False,False,False
2021-07-19,-0.8341109244591357,False,False,False
2021-07-20,-1.394720806341265,False,False,False
2021-07-22,-1.618363113810675,False,False,False
2021-07-23,-1.6371807226514898,False,False,False
2021-07-26,-1.1708568004756812,False,False,False
2021-07-27,-1.0799598739661458,False,False,False
2021-07-28,-0.8728531970125013,False,False,False
2021-07-29,-0.2001477828573067,False,False,False
2021-07-30,-0.09136643704758036,False,False,True
2021-08-02,0.11952952184600833,False,False,True
2021-08-03,-0.046072811895920204,False,False,True
2021-08-04,0.37371336129155763,False,False,False
2021-08-05,1.3873629277628887,False,False,False
2021-08-06,1.1290715815857504,False,False,False
2021-08-09,1.1775733422377794,False,False,False
2021-08-10,1.5836214717040265,False,False,False
2021-08-11,1.3245279518374342,False,False,False
2021-08-12,0.43822959556907953,False,False,False
2021-08-13,-0.15208500425750937,False,False,True
2021-08-16,0.24147328539970805,False,False,False
2021-08-17,0.14697461888842947,False,False,True
2021-08-18,1.082927603293176,False,False,False
2021-08-20,1.1257349881782444,False,False,False
2021-08-23,0.7003686343769442,False,False,False
2021-08-24,0.852783574523753,False,False,False
2021-08-25,1.5672180327343284,False,False,False
2021-08-26,1.9738732208631458,False,False,False
2021-08-27,1.7941164400610823,False,False,False
2021-08-30,0.8094347117423757,False,False,False
2021-08-31,1.6355559290517592,False,False,False
2021-09-01,2.0175312930695113,False,True,False
2021-09-02,2.113207147288222,False,True,False
2021-09-03,2.2383553496724415,False,True,False
2021-09-06,2.450078577486526,False,True,False
2021-09-07,2.068822420413296,False,True,False
2021-09-08,2.141660750887314,False,True,False
2021-09-09,2.0870234060912054,False,True,False
2021-09-13,1.7005711270647088,False,False,False
2021-09-14,1.6732380322916638,False,False,False
2021-09-15,1.7094337235012464,False,False,False
2021-09-16,1.7045403858298578,False,False,False
2021-09-17,1.6062111533658705,False,False,False
2021-09-20,1.2570969190264234,False,False,False
2021-09-21,1.922270959137472,False,False,False
2021-09-22,1.6348326885561857,False,False,False
2021-09-23,1.603159613797951,False,False,False
2021-09-24,1.6379773243893647,False,False,False
2021-09-27,0.048237644097139876,False,False,True
2021-09-28,-0.016783672670913255,False,False,True
2021-09-29,-0.1538069190728342,False,False,True
2021-09-30,-0.350385093715031,False,False,False
2021-10-01,0.06571841093445589,False,False,True
2021-10-04,-0.13795440785609359,False,False,True
2021-10-05,-0.3431345941999349,False,False,False
2021-10-06,-0.3617130114166566,False,False,False
2021-10-07,-0.7569343313587803,False,False,False
2021-10-08,-0.5884222923734623,False,False,False
2021-10-11,-1.2544702863081665,False,False,False
2021-10-12,-0.8751766536595295,False,False,False
2021-10-13,-0.22724931183830033,False,False,False
2021-10-14,-0.6281607791878837,False,False,False
2021-10-18,-1.3547599511597037,False,False,False
2021-10-19,-2.1182771308681025,True,False,False
2021-10-20,-2.201170714358164,True,False,False
2021-10-21,-2.0306245323728165,True,False,False
2021-10-22,-1.7829402633187694,False,False,False
2021-10-25,-1.601926111877039,False,False,False
2021-10-26,-1.5143170132780115,False,False,False
2021-10-27,-1.6906779563457623,False,False,False
2021-10-28,-1.981430095908111,False,False,False
2021-10-29,-2.415645646822831,True,False,False
2021-11-01,-2.250577941689198,True,False,False
2021-11-02,-2.608599791749148,True,False,False
2021-11-03,-2.39068517405229,True,False,False
2021-11-04,-1.692902916385947,False,False,False
2021-11-08,-1.2712104455133182,False,False,False
2021-11-09,-0.9327232026106633,False,False,False
2021-11-10,-0.6653879423691036,False,False,False
2021-11-11,-0.7108654866130043,False,False,False
2021-11-12,-0.6782804011389418,False,False,False
2021-11-15,-0.8864057641583172,False,False,False
2021-11-16,-1.9295560893817056,False,False,False
2021-11-17,-2.407148066279866,True,False,False
2021-11-18,-2.219116878700177,True,False,False
2021-11-22,-1.8315070935899835,False,False,False
2021-11-23,-1.5533789340967654,False,False,False
2021-11-24,-1.3749108622451247,False,False,False
2021-11-25,-1.2076253151239653,False,False,False
2021-11-26,-0.7388766960621823,False,False,False
2021-11-29,-0.7478444886954173,False,False,False
2021-11-30,-0.7227577152445727,False,False,False
2021-12-01,-0.8367155596258746,False,False,False
2021-12-02,-0.8574368302281514,False,False,False
2021-12-03,-0.59452607209548,False,False,False
2021-12-06,-0.29001265106720975,False,False,False
2021-12-07,-0.4445974997278898,False,False,False
2021-12-08,-0.7897640499158,False,False,False
2021-12-09,-0.5895127487401349,False,False,False
2021-12-10,-0.6335867573997539,False,False,False
2021-12-13,-0.9280700695158818,False,False,False
2021-12-14,-0.890856510498051,False,False,False
2021-12-15,-1.008191146584572,False,False,False
2021-12-16,-0.8114708066540606,False,False,False
2021-12-17,-0.4792810223264028,False,False,False
2021-12-20,-0.6862303724790921,False,False,False
2021-12-21,-0.6959160034246168,False,False,False
2021-12-22,-0.6123935021267373,False,False,False
2021-12-23,-0.5140050910579023,False,False,False
2021-12-24,-0.522818048701874,False,False,False
2021-12-27,-0.4021475697473277,False,False,False
2021-12-28,-0.1412378274630598,False,False,True
2021-12-29,0.25160728347163624,False,False,False
2021-12-30,0.5000526839067374,False,False,False
2021-12-31,0.2572067598876161,False,False,False
2022-01-03,0.8548814002137972,False,False,False
2022-01-04,0.3710850791443176,False,False,False
2022-01-05,0.3955846483774262,False,False,False
2022-01-06,0.2800569556211941,False,False,False
2022-01-07,0.2719003976432329,False,False,False
2022-01-10,-0.7390317795801394,False,False,False
2022-01-11,-0.9987098744987897,False,False,False
2022-01-12,-0.9014215279489872,False,False,False
2022-01-13,-0.26744072835068494,False,False,False
2022-01-14,-0.4116357121950491,False,False,False
2022-01-17,-1.039942611469462,False,False,False
2022-01-18,-0.3157532250986761,False,False,False
2022-01-19,-0.947884310693592,False,False,False
2022-01-20,-0.8775122841617046,False,False,False
2022-01-21,-1.7858773004843262,False,False,False
2022-01-24,-1.5590482683505915,False,False,False
2022-01-25,-3.431830929016093,True,False,False
2022-01-27,-4.0010459564229715,True,False,False
2022-01-28,-2.969526172089505,True,False,False
2022-01-31,-2.6940724915091763,True,False,False
2022-02-01,-2.5184292868421507,True,False,False
2022-02-02,-1.9969345565181835,False,False,False
2022-02-03,-2.1032390737396844,True,False,False
2022-02-04,-2.089706306366944,True,False,False
2022-02-07,-2.0403070871076574,True,False,False
2022-02-08,-2.2216703877106947,True,False,False
2022-02-09,-2.738628944341888,True,False,False
2022-02-10,-2.173657107137201,True,False,False
2022-02-11,-2.1043799319497385,True,False,False
2022-02-14,-1.3341310276371732,False,False,False
2022-02-15,-1.2177534292248064,False,False,False
2022-02-16,-1.1698687226978786,False,False,False
2022-02-17,-1.0028533492465264,False,False,False
2022-02-18,-1.1050509130849673,False,False,False
2022-02-21,-1.1617060289328833,False,False,False
2022-02-22,-1.0372718089325548,False,False,False
2022-02-23,-1.238275307605621,False,False,False
2022-02-24,-0.5282850659485798,False,False,False
2022-02-25,-0.7735269185668134,False,False,False
2022-02-28,-0.8147306576412642,False,False,False
2022-03-02,-0.04176166791153817,False,False,True
2022-03-03,0.044623476515462814,False,False,True
2022-03-04,0.5314619713429136,False,False,False
2022-03-07,1.2557289612058045,False,False,False
2022-03-08,1.1484806386769497,False,False,False
2022-03-09,0.8081282132393004,False,False,False
2022-03-10,0.44172538472466727,False,False,False
2022-03-11,0.6292980436693949,False,False,False
2022-03-14,0.25625472764410306,False,False,False
2022-03-15,0.005449454171518822,False,False,True
2022-03-16,0.09584881874106789,False,False,True
2022-03-17,-0.01778800109007166,False,False,True
2022-03-21,-0.2823531085900813,False,False,False
2022-03-22,-0.3951056860773406,False,False,False
2022-03-23,-0.03975474367122769,False,False,True
2022-03-24,0.07124712089533147,False,False,True
2022-03-25,0.27305075756682945,False,False,False
2022-03-28,0.346520241774593,False,False,False
2022-03-29,0.9264047993919505,False,False,False
2022-03-30,0.5906772942126182,False,False,False
2022-03-31,0.5821763544177111,False,False,False
2022-04-01,0.3752010784317996,False,False,False
2022-04-04,0.3493254904021027,False,False,False
2022-04-05,0.5898920017538568,False,False,False
2022-04-06,0.6023164381098883,False,False,False
2022-04-07,0.9356525098519703,False,False,False
2022-04-08,1.2412291763021426,False,False,False
2022-04-11,1.1606930471692671,False,False,False
2022-04-12,0.901698591680923,False,False,False
2022-04-13,1.155038567116049,False,False,False
2022-04-18,0.9654680035082865,False,False,False
2022-04-19,1.057119747912465,False,False,False
2022-04-20,0.849387067384592,False,False,False
2022-04-21,0.8691117804570601,False,False,False
2022-04-22,0.6840586528169779,False,False,False
2022-04-25,0.4630242442019604,False,False,False
2022-04-26,0.744625313102148,False,False,False
2022-04-27,1.0778403459201786,False,False,False
2022-04-28,0.898128638159232,False,False,False
2022-04-29,1.0782866233609285,False,False,False
2022-05-02,0.859928143884992,False,False,False
2022-05-04,1.1234712944621783,False,False,False
2022-05-05,0.7921490682559127,False,False,False
2022-05-06,0.7426835737844681,False,False,False
2022-05-09,0.3746903463410134,False,False,False
2022-05-10,0.28831150031250397,False,False,False
2022-05-11,0.4825481720498505,False,False,False
2022-05-12,0.9274111779420716,False,False,False
2022-05-13,1.8083982630063176,False,False,False
2022-05-16,2.465447051998367,False,True,False
2022-05-17,1.9680181517746236,False,False,False
2022-05-18,1.7176722635999875,False,False,False
2022-05-19,1.9192359169943376,False,False,False
2022-05-20,1.6139997453512729,False,False,False
2022-05-23,0.6776674920894344,False,False,False
2022-05-24,0.8622188832743611,False,False,False
2022-05-25,0.6554802278498693,False,False,False
2022-05-26,0.8741477522300547,False,False,False
2022-05-27,0.38212543965080004,False,False,False
2022-05-30,0.16087324028165953,False,False,True
2022-05-31,0.582409851933237,False,False,False
2022-06-01,0.6060070817500416,False,False,False
2022-06-02,0.2076575481040872,False,False,False
2022-06-03,0.9702169661023742,False,False,False
2022-06-06,0.6488119679253703,False,False,False
2022-06-07,0.09629306797954205,False,False,True
2022-06-08,-0.3197688938128329,False,False,False
2022-06-09,0.1503394885552171,False,False,True
2022-06-10,0.0796207612186397,False,False,True
2022-06-13,0.11157235007786342,False,False,True
2022-06-14,0.77988700978168,False,False,False
2022-06-15,0.5060392081803617,False,False,False
2022-06-16,-0.12698102710859002,False,False,True
2022-06-17,0.13989378808656192,False,False,True
2022-06-20,0.4915800125760116,False,False,False
2022-06-21,0.670956320297457,False,False,False
2022-06-22,0.139530801052316,False,False,True
2022-06-23,-1.111289798788107,False,False,False
2022-06-24,-0.9509797306081264,False,False,False
2022-06-27,-1.8217033780539806,False,False,False
2022-06-28,-1.83634080770244,False,False,False
2022-06-29,-1.6709300997790701,False,False,False
2022-06-30,-2.438506865540956,True,False,False
2022-07-01,-2.0814829306423492,True,False,False
2022-07-04,-2.0868199696199765,True,False,False
2022-07-05,-1.406781482676853,False,False,False
2022-07-06,-1.7969699540758801,False,False,False
2022-07-07,-1.2490691978320718,False,False,False
2022-07-08,-0.6696394047328569,False,False,False
2022-07-11,0.3388717313693954,False,False,False
2022-07-12,-0.141022686911365,False,False,True
2022-07-13,-0.11184199021698431,False,False,True
2022-07-14,-0.9055197180615536,False,False,False
2022-07-15,-1.1920320734469352,False,False,False
2022-07-18,-0.7785033563386581,False,False,False
2022-07-19,-0.43686395288244917,False,False,False
2022-07-20,-0.9311706138908971,False,False,False
2022-07-21,-0.7977074704240195,False,False,False
2022-07-22,-0.3056269293125257,False,False,False
2022-07-25,0.18232727442307642,False,False,True
2022-07-26,0.04731348100955986,False,False,True
2022-07-27,-0.2896868664280037,False,False,False
2022-07-28,-0.6406385155767358,False,False,False
2022-07-29,-0.5109335875676779,False,False,False
2022-08-01,-1.7022331169272855,False,False,False
2022-08-02,-2.1423381380050612,True,False,False
2022-08-03,-1.1912838320403818,False,False,False
2022-08-04,-1.1196403594201192,False,False,False
2022-08-05,-0.9991125021657246,False,False,False
2022-08-08,-1.137591868666295,False,False,False
2022-08-10,-0.5229700589805388,False,False,False
2022-08-11,0.09627641569547066,False,False,True
2022-08-12,1.419549001857746,False,False,False
2022-08-16,1.1354392759430394,False,False,False
2022-08-17,2.115173258429273,False,True,False
2022-08-18,2.1742715778116914,False,True,False
2022-08-19,3.0125463098187137,False,True,False
2022-08-22,2.949957572250891,False,True,False
2022-08-23,3.118558663025242,False,True,False
2022-08-24,2.811734550944102,False,True,False
2022-08-25,2.7062124982985933,False,True,False
2022-08-26,1.7384474684214035,False,False,False
2022-08-29,0.8082368326020016,False,False,False
2022-08-30,0.3536670391629823,False,False,False
2022-09-01,0.9578990740674563,False,False,False
2022-09-02,1.3941813219302872,False,False,False
2022-09-05,1.0877980405919443,False,False,False
2022-09-06,1.3457605378951067,False,False,False
2022-09-07,1.4861595856684435,False,False,False
2022-09-08,1.6859844057704851,False,False,False
2022-09-09,1.4175898893971808,False,False,False
2022-09-12,1.8381136695420843,False,False,False
2022-09-13,1.6603027649868771,False,False,False
2022-09-14,1.5879971132577158,False,False,False
2022-09-15,1.265784382089563,False,False,False
2022-09-16,0.8673736492262616,False,False,False
2022-09-19,0.8102686416595912,False,False,False
2022-09-20,1.423244407933976,False,False,False
2022-09-21,1.3608848096799564,False,False,False
2022-09-22,1.2368105311985327,False,False,False
2022-09-23,1.0281075173415364,False,False,False
2022-09-26,1.5105085782577405,False,False,False
2022-09-27,1.9283468556844263,False,False,False
2022-09-28,2.268528759332201,False,True,False
2022-09-29,2.3930766802507257,False,True,False
2022-09-30,1.9781576949590836,False,False,False
2022-10-03,1.5975057592262256,False,False,False
2022-10-04,1.6197563623938112,False,False,False
2022-10-06,1.4101754157132853,False,False,False
2022-10-07,1.006445521999453,False,False,False
2022-10-10,0.9224998612654706,False,False,False
2022-10-11,0.7423947886712403,False,False,False
2022-10-12,0.9585392051898751,False,False,False
2022-10-13,1.0888306839953321,False,False,False
2022-10-14,1.167134725497683,False,False,False
2022-10-17,1.0389204985201155,False,False,False
2022-10-18,1.2761002912657025,False,False,False
2022-10-19,1.4612717525791523,False,False,False
2022-10-20,1.6274384967382884,False,False,False
2022-10-21,1.470446623322414,False,False,False
2022-10-24,1.3182825635712974,False,False,False
2022-10-25,1.0060061018624487,False,False,False
2022-10-27,0.880015875298432,False,False,False
2022-10-28,-0.16940540949270255,False,False,True
2022-10-31,0.2500079288391179,False,False,False
2022-11-01,0.13555142590839842,False,False,True
2022-11-02,0.3891469096807862,False,False,False
2022-11-03,-0.012179617708908418,False,False,True
2022-11-04,-0.08069407546734672,False,False,True
2022-11-07,0.10937515100147699,False,False,True
2022-11-09,0.2178245691946633,False,False,False
2022-11-10,0.5884806612276524,False,False,False
2022-11-11,-0.9161947400611522,False,False,False
2022-11-14,-1.2765490471915693,False,False,False
2022-11-15,-1.395661196327557,False,False,False
2022-11-16,-1.3117003526154842,False,False,False
2022-11-17,-1.14404599313074,False,False,False
2022-11-18,-0.9456811247083522,False,False,False
2022-11-21,-1.0886170406751807,False,False,False
2022-11-22,-1.1216129002553923,False,False,False
2022-11-23,-1.2930203600426167,False,False,False
2022-11-24,-1.4273781066233617,False,False,False
2022-11-25,-1.3613452850039924,False,False,False
2022-11-28,-1.0394866469237607,False,False,False
2022-11-29,-0.9407628746243192,False,False,False
2022-11-30,-0.648867490367336,False,False,False
2022-12-01,-0.9909946740492119,False,False,False
2022-12-02,-1.2471144206247813,False,False,False
2022-12-05,-1.0213782383744698,False,False,False
2022-12-06,-1.0482485733052902,False,False,False
2022-12-07,-1.1106197304064649,False,False,False
2022-12-08,-0.6747298936948593,False,False,False
2022-12-09,-0.07183984632468947,False,False,True
2022-12-12,-0.5798436961742762,False,False,False
2022-12-13,-0.4716659616457192,False,False,False
2022-12-14,-0.10829956227051842,False,False,True
2022-12-15,-0.42419461878350223,False,False,False
2022-12-16,-0.09185342199421986,False,False,True
2022-12-19,0.20527423336905531,False,False,False
2022-12-20,-0.08544552661844337,False,False,True
2022-12-21,0.32984073012766596,False,False,False
2022-12-22,-0.1627526861213287,False,False,True
2022-12-23,-0.07518708460506672,False,False,True
2022-12-26,-0.1551581820109495,False,False,True
2022-12-27,0.01598450087308784,False,False,True
2022-12-28,-0.4229218435203164,False,False,False
2022-12-29,0.18465081289930985,False,False,True
2022-12-30,-0.09602140254955263,False,False,True
2023-01-02,-0.10748505356896572,False,False,True
2023-01-03,-0.1413773289521055,False,False,True
2023-01-04,-0.31807586090927575,False,False,False
2023-01-05,-0.08835652821892159,False,False,True
2023-01-06,0.25719885996925973,False,False,False
2023-01-09,0.4234318515651235,False,False,False
2023-01-10,-0.07202500204510941,False,False,True
2023-01-11,-0.31484170095436104,False,False,False
2023-01-12,-1.0988442122611624,False,False,False
2023-01-13,-0.92583091072914,False,False,False
2023-01-16,-0.7521003598722613,False,False,False
2023-01-17,-0.8875307358716903,False,False,False
2023-01-18,-1.0326712963433367,False,False,False
2023-01-19,-1.2439346923602164,False,False,False
2023-01-20,-0.9969975485832794,False,False,False
2023-01-23,0.02260189078033197,False,False,True
2023-01-24,-1.852978921600827,False,False,False
2023-01-25,-2.5450031492565137,True,False,False
2023-01-27,-2.650186300450074,True,False,False
2023-01-30,-2.6972749667476674,True,False,False
2023-01-31,-2.153808560399295,True,False,False
2023-02-01,-0.7699255461526101,False,False,False
2023-02-02,-2.413758074927385,True,False,False
2023-02-03,-1.6086570048657638,False,False,False
2023-02-06,-1.9874521533862393,False,False,False
2023-02-07,-0.8680842862148404,False,False,False
2023-02-08,-1.829136679058254,False,False,False
2023-02-09,-1.4678134581122135,False,False,False
2023-02-10,-1.746101957120227,False,False,False
2023-02-13,-1.2365734128654806,False,False,False
2023-02-14,-1.8139018126912791,False,False,False
2023-02-15,-0.72662357917925,False,False,False
2023-02-16,-0.7314314180854243,False,False,False
2023-02-17,-0.7883131934112229,False,False,False
2023-02-20,-0.09156206776062076,False,False,True
2023-02-21,-0.13370399058043395,False,False,True
2023-02-22,-0.3308717311605917,False,False,False
2023-02-23,-0.6079625167199733,False,False,False
2023-02-24,-0.7816464699161146,False,False,False
2023-02-27,-1.3848999875162504,False,False,False
2023-02-28,-1.5485471833468814,False,False,False
2023-03-01,-1.8739060472416689,False,False,False
2023-03-02,-0.856543692244828,False,False,False
2023-03-03,-1.0781685205600071,False,False,False
2023-03-06,-0.8200728266954485,False,False,False
2023-03-08,-0.74068326091102,False,False,False
2023-03-09,-0.5052944642069773,False,False,False
2023-03-10,-1.0852895616511589,False,False,False
2023-03-13,-1.4230745852198983,False,False,False
2023-03-14,-1.4989907186908094,False,False,False
2023-03-15,-1.366669098818409,False,False,False
2023-03-16,-0.8596524673540453,False,False,False
2023-03-17,-0.8147166356511326,False,False,False
2023-03-20,-0.4979967305011348,False,False,False
2023-03-21,-0.7015198490507365,False,False,False
2023-03-22,-0.6839242255119387,False,False,False
2023-03-23,-1.4260455614040355,False,False,False
2023-03-24,-0.958117743703521,False,False,False
2023-03-27,-1.4020183483143764,False,False,False
2023-03-28,-1.3305246665438968,False,False,False
2023-03-29,-0.8893802491831112,False,False,False
2023-03-31,-0.6668887603956434,False,False,False
2023-04-03,-1.292758185565685,False,False,False
2023-04-05,-1.7534714920860515,False,False,False
2023-04-06,-1.8396555997069657,False,False,False
2023-04-10,-1.8613791205787324,False,False,False
2023-04-11,-1.5940032629685212,False,False,False
2023-04-12,-0.2551252767744828,False,False,False
2023-04-13,0.6164550425827243,False,False,False
2023-04-17,0.8453946612242359,False,False,False
2023-04-18,0.9432213502664277,False,False,False
2023-04-19,1.753913809700432,False,False,False
2023-04-20,0.8542448165545077,False,False,False
2023-04-21,1.3954917610869646,False,False,False
2023-04-24,1.8418578524263178,False,False,False
2023-04-25,2.37835838768179,False,True,False
2023-04-26,2.3915830140988135,False,True,False
2023-04-27,2.1987962798551384,False,True,False
2023-04-28,2.238122075032607,False,True,False
2023-05-02,1.5945178667294286,False,False,False
2023-05-03,1.3026619509211455,False,False,False
2023-05-04,1.1524526529597214,False,False,False
2023-05-05,0.33309667948590993,False,False,False
2023-05-08,-0.04585911347568823,False,False,True
2023-05-09,-0.43525004212344276,False,False,False
2023-05-10,-0.3511907285081236,False,False,False
2023-05-11,-1.1185774895649478,False,False,False
2023-05-12,1.4697695164749751,False,False,False
2023-05-15,2.3110294292185203,False,True,False
2023-05-16,2.644693030657193,False,True,False
2023-05-17,2.172970110705057,False,True,False
2023-05-18,1.8849936674447276,False,False,False
2023-05-19,1.4835629798536134,False,False,False
2023-05-22,0.9175572159376112,False,False,False
2023-05-23,1.244948455843542,False,False,False
2023-05-24,0.9554311962345464,False,False,False
2023-05-25,1.2855792696558797,False,False,False
2023-05-26,1.030117610136734,False,False,False
2023-05-29,1.5355782832709743,False,False,False
2023-05-30,0.9209557425267362,False,False,False
2023-05-31,0.9079398028127285,False,False,False
2023-06-01,1.4885107716589314,False,False,False
2023-06-02,0.509498322000669,False,False,False
2023-06-05,-0.244937904780768,False,False,False
2023-06-06,-0.7121062169998426,False,False,False
2023-06-07,-0.347402031909938,False,False,False
2023-06-08,-0.7650560216875331,False,False,False
2023-06-09,-1.3203061377601824,False,False,False
2023-06-12,-0.8491052213643075,False,False,False
2023-06-13,-0.6771782691197029,False,False,False
2023-06-14,-0.956699547915152,False,False,False
2023-06-15,-1.5879169361918262,False,False,False
2023-06-16,-1.5462928073594244,False,False,False
2023-06-19,-1.5379081787724653,False,False,False
2023-06-20,-0.7398147894587666,False,False,False
2023-06-21,-0.4194899796995605,False,False,False
2023-06-22,-0.36333685192900017,False,False,False
2023-06-23,-0.18788754303650598,False,False,True
2023-06-26,-0.7762542033491905,False,False,False
2023-06-27,-0.8885481945672695,False,False,False
2023-06-28,-1.1797645075352459,False,False,False
2023-06-30,-1.9745569473356563,False,False,False
2023-07-03,-0.9733467226846217,False,False,False
2023-07-04,-2.7584645867666806,True,False,False
2023-07-05,-4.258397031348792,True,False,False
2023-07-06,-3.804152109729315,True,False,False
2023-07-07,-3.5320556539827908,True,False,False
2023-07-10,-2.954681553889771,True,False,False
2023-07-11,-2.739937241367876,True,False,False
2023-07-12,-2.239990946752943,True,False,False
2023-07-13,-1.8482089889602134,False,False,False
2023-07-14,-1.288065982356047,False,False,False
2023-07-17,-1.422725856826639,False,False,False
2023-07-18,-1.3216501857019067,False,False,False
2023-07-19,-1.2286891704113727,False,False,False
2023-07-20,-1.5902140508484601,False,False,False
2023-07-21,-1.529434141904159,False,False,False
2023-07-24,-1.34647696021796,False,False,False
2023-07-25,-1.3587509967286142,False,False,False
2023-07-26,-1.198013760624967,False,False,False
2023-07-27,-1.2528548034806002,False,False,False
2023-07-28,-0.9323960312386347,False,False,False
2023-07-31,-1.1701547445411717,False,False,False
2023-08-01,-0.7243960740042011,False,False,False
2023-08-02,-0.8999033457512563,False,False,False
2023-08-03,-0.6490700085257646,False,False,False
2023-08-04,-0.5603461286037618,False,False,False
2023-08-07,-0.662365387842702,False,False,False
2023-08-08,-0.6117185330692647,False,False,False
2023-08-09,-0.2494751254411913,False,False,False
2023-08-10,-0.07010551229648146,False,False,True
2023-08-11,-0.06072797805722969,False,False,True
2023-08-14,-0.013904345579254167,False,False,True
2023-08-16,-0.2720143297954583,False,False,False
2023-08-17,-0.27287259316219936,False,False,False
2023-08-18,-0.20636069027887616,False,False,False
2023-08-21,-0.0601370116970983,False,False,True
2023-08-22,-0.2762266805324569,False,False,False
2023-08-23,-0.4603192733785145,False,False,False
2023-08-24,-0.4453422886584249,False,False,False
2023-08-25,-0.23190347954989776,False,False,False
2023-08-28,-0.42768678606489696,False,False,False
2023-08-29,-0.4314761894860423,False,False,False
2023-08-30,-0.6476030454989717,False,False,False
2023-08-31,-1.6516380316033972,False,False,False
2023-09-01,-2.183716238042655,True,False,False
2023-09-04,-1.9876736855101593,False,False,False
2023-09-05,-1.78218344167739,False,False,False
2023-09-06,-1.5493422179941647,False,False,False
2023-09-07,-1.7227778741337862,False,False,False
2023-09-08,-1.9612550077191793,False,False,False
2023-09-11,-2.2238464829453886,True,False,False
2023-09-12,-2.3280101558073736,True,False,False
2023-09-13,-2.2213650254467687,True,False,False
2023-09-14,-1.878205124640467,False,False,False
2023-09-15,-1.6936358542756298,False,False,False
2023-09-18,-1.6176895914225005,False,False,False
2023-09-20,-1.0907896810980187,False,False,False
2023-09-21,-0.9255324313796129,False,False,False
2023-09-22,-1.7016858175197016,False,False,False
2023-09-25,-1.8992581048073813,False,False,False
2023-09-26,-1.3179015012714705,False,False,False
2023-09-27,-1.5802767722274798,False,False,False
2023-09-28,-1.415199746839002,False,False,False
2023-09-29,-1.4621948943149328,False,False,False
2023-10-03,-1.218884485111273,False,False,False
2023-10-04,-0.3869772837980786,False,False,False
2023-10-05,-0.38370414229993505,False,False,False
2023-10-06,-0.5933022424000093,False,False,False
2023-10-09,-0.4571200555747492,False,False,False
2023-10-10,-0.7199767676802654,False,False,False
2023-10-11,-0.6527872157976665,False,False,False
2023-10-12,-1.0319422228558168,False,False,False
2023-10-13,-1.4559098257731924,False,False,False
2023-10-16,-1.2962795046561983,False,False,False
2023-10-17,-1.2995664775896552,False,False,False
2023-10-18,-1.3688992208582555,False,False,False
2023-10-19,-1.2568354532461417,False,False,False
2023-10-20,-1.1976229352502383,False,False,False
2023-10-23,-0.9062730118050951,False,False,False
2023-10-25,-1.2419584651440405,False,False,False
2023-10-26,-1.0728809647381645,False,False,False
2023-10-27,-1.0524459419015788,False,False,False
2023-10-30,-0.8025194594265366,False,False,False
2023-10-31,-1.0434775329740016,False,False,False
2023-11-01,-0.6798799367974372,False,False,False
2023-11-02,-0.5772721680586499,False,False,False
2023-11-03,-0.06055754008384246,False,False,True
2023-11-06,0.3405616920489501,False,False,False
2023-11-07,0.44619401448777446,False,False,False
2023-11-08,0.516158541401306,False,False,False
2023-11-09,0.3027454842223581,False,False,False
2023-11-10,0.37752057314021975,False,False,False
2023-11-13,0.9874356043970223,False,False,False
2023-11-15,2.001014156775381,False,True,False
2023-11-16,1.8699095494341464,False,False,False
2023-11-17,1.9522317317356437,False,False,False
2023-11-20,1.7307759735368633,False,False,False
2023-11-21,1.8156809378406962,False,False,False
2023-11-22,1.8754097222899702,False,False,False
2023-11-23,2.1791284454121076,False,True,False
2023-11-24,1.875995324141046,False,False,False
2023-11-28,1.676796001408926,False,False,False
2023-11-29,1.4016904388806346,False,False,False
2023-11-30,1.8046330847994765,False,False,False
2023-12-01,1.7586356400505865,False,False,False
2023-12-04,3.028403697318266,False,True,False
2023-12-05,2.3106773466474078,False,True,False
2023-12-06,2.006896161357373,False,True,False
2023-12-07,1.9377923818749978,False,False,False
2023-12-08,1.8643552199500388,False,False,False
2023-12-11,1.8237302814258545,False,False,False
2023-12-12,1.8747648952178193,False,False,False
2023-12-13,2.0240452395218247,False,True,False
2023-12-14,2.176017701731801,False,True,False
2023-12-15,2.0901624470243063,False,True,False
2023-12-18,2.012214868938463,False,True,False
2023-12-19,1.9079984695137238,False,False,False
2023-12-20,1.657234718420446,False,False,False
2023-12-21,1.8604839088932388,False,False,False
2023-12-22,1.591010016324451,False,False,False
2023-12-26,1.549714994239352,False,False,False
2023-12-27,1.717957812068139,False,False,False
2023-12-28,1.587613865732952,False,False,False
2023-12-29,1.6399674617825521,False,False,False
2024-01-01,1.27795729311941,False,False,False
2024-01-02,0.9135067386274397,False,False,False
2024-01-03,1.0681576258803671,False,False,False
2024-01-04,1.051889045255288,False,False,False
2024-01-05,1.0652753903689185,False,False,False
2024-01-08,1.1665467713612463,False,False,False
2024-01-09,0.9595207232476655,False,False,False
2024-01-10,0.8633733949994403,False,False,False
2024-01-11,0.9812438191382192,False,False,False
2024-01-12,0.9698361267670412,False,False,False
2024-01-15,0.6058034754671078,False,False,False
2024-01-16,0.27319160725975417,False,False,False
2024-01-17,0.3422303517300993,False,False,False
2024-01-18,0.3377589889619491,False,False,False
2024-01-19,0.12188712365790036,False,False,True
2024-01-23,0.12504121784122327,False,False,True
2024-01-24,-0.1057680160388807,False,False,True
2024-01-25,0.009215865772815222,False,False,True
2024-01-29,-0.05255062712534703,False,False,True
2024-01-30,0.16620187093824165,False,False,True
2024-01-31,0.18969859053377058,False,False,True
2024-02-01,-0.616110048024768,False,False,False
2024-02-02,-1.3232248885335216,False,False,False
2024-02-05,-0.32105153103626777,False,False,False
2024-02-06,-1.3217742540261073,False,False,False
2024-02-07,-1.735376425976432,False,False,False
2024-02-08,-1.9048415107539214,False,False,False
2024-02-09,-1.7172747509936634,False,False,False
2024-02-12,-1.4662256312122441,False,False,False
2024-02-13,-1.8045643916248852,False,False,False
2024-02-14,-2.1729115544912867,True,False,False
2024-02-15,-2.1727467955568107,True,False,False
2024-02-16,-2.7766318398432346,True,False,False
2024-02-19,-2.944882276837081,True,False,False
2024-02-20,-2.9487336676052878,True,False,False
2024-02-21,-2.7233913607876157,True,False,False
2024-02-22,-2.4825155662900382,True,False,False
2024-02-23,-2.1967122208980623,True,False,False
2024-02-26,-1.8759492087350553,False,False,False
2024-02-27,-1.685067324043714,False,False,False
2024-02-28,-1.4749446559055406,False,False,False
2024-02-29,-1.909350467348066,False,False,False
2024-03-01,-2.2137003962980555,True,False,False
2024-03-04,-2.326037291040422,True,False,False
2024-03-05,-2.1858969464721576,True,False,False
2024-03-06,-1.9085028054151751,False,False,False
2024-03-07,-1.757128881724116,False,False,False
2024-03-11,-1.517931389699047,False,False,False
2024-03-12,-1.5507529879894597,False,False,False
2024-03-13,-1.527048397872328,False,False,False
2024-03-14,-1.3899602311584347,False,False,False
2024-03-15,-1.516759749833356,False,False,False
2024-03-18,-1.8032641755298395,False,False,False
2024-03-19,-1.62957317090363,False,False,False
2024-03-20,-1.6287549736510356,False,False,False
2024-03-21,-1.4062121372258398,False,False,False
2024-03-22,-1.7528161303154277,False,False,False
2024-03-26,-1.7681967547999498,False,False,False
2024-03-27,-2.026482199169533,True,False,False
2024-03-28,-1.803479033610942,False,False,False
2024-04-01,-1.8688943497053474,False,False,False
2024-04-02,-1.8249835104722922,False,False,False
2024-04-03,-1.5717438322854704,False,False,False
2024-04-04,-1.5000799679078074,False,False,False
2024-04-05,-1.2292200474440937,False,False,False
2024-04-08,-1.3331351227654207,False,False,False
2024-04-09,-1.218181618626008,False,False,False
2024-04-10,-0.7469937216552885,False,False,False
2024-04-12,-0.18632729158995553,False,False,True
2024-04-15,-0.6021515296968828,False,False,False
2024-04-16,-0.3147003375017851,False,False,False
2024-04-18,-0.1583254324346823,False,False,True
2024-04-19,-0.6129879576681041,False,False,False
2024-04-22,-0.3395467690380418,False,False,False
2024-04-23,-0.48527750785174334,False,False,False
2024-04-24,-0.3419534806946254,False,False,False
2024-04-25,-0.00930562063876471,False,False,True
2024-04-26,0.35385381698741836,False,False,False
2024-04-29,0.3184291411902314,False,False,False
2024-04-30,0.22066909257316897,False,False,False
2024-05-02,0.3150067198644793,False,False,False
2024-05-03,0.9788606174381188,False,False,False
2024-05-06,1.1138980516646149,False,False,False
2024-05-07,1.4375625985745113,False,False,False
2024-05-08,0.9934208924042304,False,False,False
2024-05-09,0.9725876470925349,False,False,False
2024-05-10,1.00246635581635,False,False,False
2024-05-13,1.0411892598682824,False,False,False
2024-05-14,1.0908985257051247,False,False,False
2024-05-15,0.8673337740230216,False,False,False
2024-05-16,1.6893716177014337,False,False,False
2024-05-17,1.3974541673413363,False,False,False
2024-05-21,1.6726851117723138,False,False,False
2024-05-22,1.5846532695988278,False,False,False
2024-05-23,1.3022438593455397,False,False,False
2024-05-24,1.2396886463959325,False,False,False
2024-05-27,1.0436433543900498,False,False,False
2024-05-28,1.122993413832958,False,False,False
2024-05-29,1.0648329694226168,False,False,False
2024-05-30,1.456096912051367,False,False,False
2024-05-31,1.8062621295390395,False,False,False
2024-06-03,1.3350894285677855,False,False,False
2024-06-04,1.2161162021636556,False,False,False
2024-06-05,0.8337679111609776,False,False,False
2024-06-06,1.011599888438489,False,False,False
2024-06-07,0.8659344113801086,False,False,False
2024-06-10,1.1111999662118721,False,False,False
2024-06-11,0.6925517946835346,False,False,False
2024-06-12,1.057170541445069,False,False,False
2024-06-13,0.8433768255787508,False,False,False
2024-06-14,1.3256666948769913,False,False,False
2024-06-18,1.8144013482155925,False,False,False
2024-06-19,2.112624447174031,False,True,False
2024-06-20,2.1475113262771264,False,True,False
2024-06-21,1.8511164566735558,False,False,False
2024-06-24,1.8768230585868488,False,False,False
2024-06-25,1.609928440931952,False,False,False
2024-06-26,1.307780475688888,False,False,False
2024-06-27,1.2286002839696384,False,False,False
2024-06-28,1.317229887512573,False,False,False
2024-07-01,1.029718950100134,False,False,False
2024-07-02,1.1061713541475835,False,False,False
2024-07-03,1.18081397229572,False,False,False
2024-07-04,1.225803038347067,False,False,False
2024-07-05,1.3661382888109876,False,False,False
2024-07-08,1.6013096773611406,False,False,False
2024-07-09,0.06020791796811731,False,False,True
2024-07-10,0.2578232352022717,False,False,False
2024-07-11,0.28281502707138945,False,False,False
2024-07-12,0.796964486123169,False,False,False
2024-07-15,0.6629311752504438,False,False,False
2024-07-16,0.8213664905783292,False,False,False
2024-07-18,0.9189379184295373,False,False,False
2024-07-19,0.7471220936452608,False,False,False
2024-07-22,0.42358154370542,False,False,False
2024-07-23,0.8001705198512936,False,False,False
2024-07-24,1.1923850651271894,False,False,False
2024-07-25,0.999844649204556,False,False,False
2024-07-26,1.1603205758321038,False,False,False
2024-07-29,0.531946603593921,False,False,False
2024-07-30,0.018865125585782298,False,False,True
2024-07-31,-0.7627314851188448,False,False,False
2024-08-01,-1.540637496262172,False,False,False
2024-08-02,-1.338307239761796,False,False,False
2024-08-05,0.11822702143528055,False,False,True
2024-08-06,0.19475515316798742,False,False,True
2024-08-07,-0.7092044159294782,False,False,False
2024-08-08,-0.32493948125410393,False,False,False
2024-08-09,1.3694805822876053,False,False,False
2024-08-12,1.0132676144399058,False,False,False
2024-08-13,1.2773408983881478,False,False,False
2024-08-14,0.6625689244214262,False,False,False
2024-08-16,1.1892869181744359,False,False,False
2024-08-19,1.337138252120886,False,False,False
2024-08-20,1.5265319245933944,False,False,False
2024-08-21,1.6455922329199255,False,False,False
2024-08-22,1.5332439660423136,False,False,False
2024-08-23,1.1649500561760424,False,False,False
2024-08-26,1.1804536709028235,False,False,False
2024-08-27,0.21510308067766543,False,False,False
2024-08-28,1.2145778545534338,False,False,False
2024-08-29,0.6365497224922658,False,False,False
2024-08-30,1.0879161265079653,False,False,False
2024-09-02,0.6414984391614419,False,False,False
2024-09-03,0.4020218700842886,False,False,False
2024-09-04,0.37126986536716455,False,False,False
2024-09-05,0.2449101036705558,False,False,False
2024-09-06,0.2976536872231842,False,False,False
2024-09-09,0.3973043402299541,False,False,False
2024-09-10,-0.21377266960122918,False,False,False
2024-09-11,-0.22679682987397992,False,False,False
2024-09-12,0.3241650715231004,False,False,False
2024-09-13,0.5682174225929444,False,False,False
2024-09-16,1.0515930521597252,False,False,False
2024-09-17,0.8317461193588308,False,False,False
2024-09-18,1.0307546741167533,False,False,False
2024-09-19,0.5020387047159799,False,False,False
2024-09-20,0.16737829076114744,False,False,True
2024-09-23,-0.8450895427295536,False,False,False
2024-09-24,-1.0820961319053013,False,False,False
2024-09-25,-1.107442943776196,False,False,False
2024-09-26,-2.672677407045416,True,False,False
2024-09-27,-2.4154965352551905,True,False,False
2024-09-30,-1.613103110743437,False,False,False
2024-10-01,-1.6571283028765769,False,False,False
2024-10-03,-1.047890621496207,False,False,False
2024-10-04,-1.4307731647651745,False,False,False
2024-10-07,-1.3971641327715012,False,False,False
2024-10-08,-1.2190545774894526,False,False,False
2024-10-09,-1.8621146753902806,False,False,False
2024-10-10,-2.420464836724428,True,False,False
2024-10-11,-1.5932353347145622,False,False,False
2024-10-14,-0.46179656327894386,False,False,False
2024-10-15,-0.5156568216676568,False,False,False
2024-10-16,-0.5791011840974871,False,False,False
2024-10-17,-0.1276537289448252,False,False,True
2024-10-18,0.8878053384566493,False,False,False
2024-10-21,0.9246067838037156,False,False,False
2024-10-22,1.3941827010293835,False,False,False
2024-10-23,0.7696902088230422,False,False,False
2024-10-24,1.2829237834558678,False,False,False
2024-10-25,1.5772840234019605,False,False,False
2024-10-28,2.3043747515937736,False,True,False
2024-10-29,4.013605792830422,False,True,False
2024-10-30,2.983008154441178,False,True,False
2024-10-31,3.1728006636866652,False,True,False
2024-11-01,3.0363345093599734,False,True,False
2024-11-04,2.481105325087269,False,True,False
2024-11-05,2.3476617135208113,False,True,False
2024-11-06,1.9586918876178645,False,False,False
2024-11-07,1.8334846398577567,False,False,False
2024-11-08,1.456163972946213,False,False,False
2024-11-11,1.2745789006663422,False,False,False
2024-11-12,1.4797594183635083,False,False,False
2024-11-13,1.1242155645836949,False,False,False
2024-11-14,2.0337481409334375,False,True,False
2024-11-18,1.787827026725852,False,False,False
2024-11-19,2.1397684400571477,False,True,False
2024-11-21,1.9448622589335787,False,False,False
2024-11-22,1.8481840488682941,False,False,False
2024-11-25,1.854846334407159,False,False,False
2024-11-26,1.7027416318943265,False,False,False
2024-11-27,1.4584468977558787,False,False,False
2024-11-28,1.2983520290539452,False,False,False
2024-11-29,1.1397214955509998,False,False,False
2024-12-02,0.8740933834959871,False,False,False
2024-12-03,0.8542503284443432,False,False,False
2024-12-04,0.9001349224516779,False,False,False
2024-12-05,0.9038258154060488,False,False,False
2024-12-06,0.8021354839399499,False,False,False
2024-12-09,0.7408197557193145,False,False,False
2024-12-10,0.7491079480533548,False,False,False
2024-12-11,0.6030625966532747,False,False,False
2024-12-12,0.7328450383360592,False,False,False
2024-12-13,0.6254476933029055,False,False,False
2024-12-16,0.6303463748213672,False,False,False
2024-12-17,0.5903050156837051,False,False,False
2024-12-18,0.7150230492960088,False,False,False
2024-12-19,0.7984790641772848,False,False,False
2024-12-20,0.7492523816896154,False,False,False
2024-12-23,0.8582527926312307,False,False,False
2024-12-24,1.041860413522695,False,False,False
2024-12-26,0.8316937864339977,False,False,False
2024-12-27,0.9365885088288928,False,False,False
2024-12-30,1.0460027839152046,False,False,False
2024-12-31,0.8477593042277296,False,False,False
2025-01-01,0.502003964764643,False,False,False
2025-01-02,0.7376927267535188,False,False,False
2025-01-03,0.5821265828213649,False,False,False
2025-01-06,0.6590876139840726,False,False,False
2025-01-07,0.4660621648726916,False,False,False
2025-01-08,0.2026950632260504,False,False,False
2025-01-09,0.23949605751913058,False,False,False
2025-01-10,0.10154298507409165,False,False,True
2025-01-13,-0.17481738949687747,False,False,True
2025-01-14,-0.4287291916513799,False,False,False
2025-01-15,-0.7907306339840615,False,False,False
2025-01-16,-1.4947289269969533,False,False,False
2025-01-17,-1.904151427442373,False,False,False
2025-01-20,-1.6800129104371406,False,False,False
2025-01-21,-1.6524984914168983,False,False,False
2025-01-22,-1.9676781011999946,False,False,False
2025-01-23,-1.340364140943227,False,False,False
2025-01-24,-0.36599188842563196,False,False,False
2025-01-27,-0.9002419094663435,False,False,False
2025-01-28,-1.6100509602885131,False,False,False
2025-01-29,-0.486684350869515,False,False,False
2025-01-30,-0.6831831309424966,False,False,False
2025-01-31,-1.5678559268075374,False,False,False
2025-02-01,-2.2666897444568694,True,False,False
2025-02-03,-2.263640874784001,True,False,False
2025-02-04,-2.26089297586037,True,False,False
2025-02-05,-2.2692658445789675,True,False,False
2025-02-06,-2.4930169528873525,True,False,False
2025-02-07,-2.1475829397560977,True,False,False
2025-02-10,-1.840487816295969,False,False,False
2025-02-11,-2.969554771948396,True,False,False
2025-02-12,-3.090128164145733,True,False,False
2025-02-13,-2.9762013016220337,True,False,False
2025-02-14,-3.155696537977285,True,False,False
2025-02-17,-2.902407532360217,True,False,False
2025-02-18,-2.8037063839675915,True,False,False
2025-02-19,-2.172996577748597,True,False,False
2025-02-20,-1.4210860530309533,False,False,False
2025-02-21,-0.9366433681675055,False,False,False
2025-02-24,-0.7885185412531512,False,False,False
2025-02-25,-1.0519170311395523,False,False,False
2025-02-27,-1.0323237454053402,False,False,False
2025-02-28,-0.793912073992569,False,False,False
2025-03-03,-0.05404219056056164,False,False,True
2025-03-04,-0.07129775752741564,False,False,True
2025-03-05,0.5028018149233211,False,False,False
2025-03-06,0.7623104403250706,False,False,False
2025-03-07,0.7839875235475019,False,False,False
2025-03-10,0.5547421871293207,False,False,False
2025-03-11,0.43677768211206275,False,False,False
2025-03-12,0.5540196811927928,False,False,False
2025-03-13,0.7639426287858573,False,False,False
2025-03-17,0.8140603022771453,False,False,False
2025-03-18,0.816325816811746,False,False,False
2025-03-19,0.8839467884651337,False,False,False
2025-03-20,1.1232997652175791,False,False,False
2025-03-21,1.3642302439642584,False,False,False
2025-03-24,1.4234483559071713,False,False,False
2025-03-25,1.535524597860071,False,False,False
2025-03-26,1.6511636886385253,False,False,False
2025-03-27,1.4550610017721395,False,False,False
2025-03-28,1.758284488604536,False,False,False
2025-04-01,1.6577710601409688,False,False,False
2025-04-02,1.4076506681285024,False,False,False
2025-04-03,1.4948911067521833,False,False,False
2025-04-04,1.3890467043305772,False,False,False
2025-04-07,1.0627260172340611,False,False,False
2025-04-08,1.3298863928033977,False,False,False
2025-04-09,1.3744009642188926,False,False,False
2025-04-11,1.3875649091455933,False,False,False
2025-04-15,1.4650826957867809,False,False,False
2025-04-16,1.8926487066866455,False,False,False
2025-04-17,1.919216896370945,False,False,False
2025-04-21,2.0784173221423448,False,True,False
2025-04-22,1.9240109337071407,False,False,False
2025-04-23,1.5299339217832175,False,False,False
2025-04-24,1.2861011577369441,False,False,False
2025-04-25,1.310785889981126,False,False,False
2025-04-28,1.201870002919178,False,False,False
2025-04-29,1.0740745493507136,False,False,False
2025-04-30,0.5367770584033695,False,False,False
2025-05-02,0.06520308271285684,False,False,True
2025-05-05,0.04168940043414144,False,False,True
2025-05-06,0.00827719288806424,False,False,True
2025-05-07,-0.12523649368536244,False,False,True
2025-05-08,-0.1164873370492715,False,False,True
2025-05-09,-0.07091144507098959,False,False,True
2025-05-12,-0.07510701877244078,False,False,True
2025-05-13,-0.16392137686746294,False,False,True
2025-05-14,-0.343226871884121,False,False,False
2025-05-15,-0.6756752291808932,False,False,False
2025-05-16,-0.6601506807424181,False,False,False
2025-05-19,-0.6432138682319112,False,False,False
2025-05-20,-0.5973733068989628,False,False,False
2025-05-21,-0.5705773230468502,False,False,False
2025-05-22,-0.4513238648696165,False,False,False
2025-05-23,-0.48923925434647864,False,False,False
2025-05-26,-0.3901269560182046,False,False,False
2025-05-27,-0.5423827302046534,False,False,False
2025-05-28,-0.6449513901773491,False,False,False
2025-05-29,-0.6190962971469575,False,False,False
2025-05-30,-0.7015648705172249,False,False,False
2025-06-02,-0.5847092932232517,False,False,False
2025-06-03,-0.2969425410622362,False,False,False
2025-06-04,-0.5339672713288758,False,False,False
2025-06-05,-0.5048936448314199,False,False,False
2025-06-06,-0.862408081962306,False,False,False
2025-06-09,-1.220172970559419,False,False,False
2025-06-10,-1.0149944284058712,False,False,False
2025-06-11,-0.9683850033721746,False,False,False
2025-06-12,-0.974309916421958,False,False,False
2025-06-13,-0.9798697424442249,False,False,False
2025-06-16,-1.027966386850315,False,False,False
2025-06-17,-1.2243495738543435,False,False,False
2025-06-18,-1.2940795215408123,False,False,False
2025-06-19,-0.9964571408072604,False,False,False
2025-06-20,-0.8220328699242028,False,False,False
2025-06-23,-0.5185336531776741,False,False,False
2025-06-24,-0.04281450625857477,False,False,True
2025-06-25,-0.5325968598149947,False,False,False
2025-06-26,-0.278378086578894,False,False,False
2025-06-27,0.07125569707318842,False,False,True
2025-06-30,0.5578074026035846,False,False,False
2025-07-01,0.7043934898996408,False,False,False
2025-07-02,0.37756774170820834,False,False,False
2025-07-03,0.0994855839763397,False,False,True
2025-07-04,-0.01824461601403072,False,False,True
2025-07-07,0.46192762635355183,False,False,False
2025-07-08,0.6774157544785048,False,False,False
2025-07-09,0.6341414352019422,False,False,False
2025-07-10,0.10569805441695994,False,False,True
2025-07-11,0.14360492078792314,False,False,True
2025-07-14,0.011586670011315135,False,False,True
2025-07-15,0.2521655844316687,False,False,False
2025-07-16,0.4409967099612704,False,False,False
2025-07-17,0.9042321959170017,False,False,False
2025-07-18,1.0277673803597944,False,False,False
2025-07-21,0.7480924736049709,False,False,False
2025-07-22,-0.28489701788233696,False,False,False
2025-07-23,-0.76824631934865,False,False,False
2025-07-24,-0.246885146003809,False,False,False
2025-07-25,0.10015973661644084,False,False,True
2025-07-28,-0.006598949887384228,False,False,True
2025-07-29,0.12907362495385818,False,False,True
2025-07-30,-0.40279492137590694,False,False,False
2025-07-31,-0.45805966682801086,False,False,False
2025-08-01,1.2534555874015394,False,False,False
2025-08-04,1.659365578505264,False,False,False
2025-08-05,1.3808254941963296,False,False,False
2025-08-06,1.2865594440044281,False,False,False
2025-08-07,0.9396476974182197,False,False,False
2025-08-08,0.9393942391363285,False,False,False
2025-08-11,0.950495821083359,False,False,False
2025-08-12,-0.20340675603835212,False,False,False
2025-08-13,0.26469165948524304,False,False,False
2025-08-14,0.21970176052145016,False,False,False
2025-08-18,-3.135419941369733,True,False,False
2025-08-19,-3.257939933095087,True,False,False
2025-08-20,-2.8874857639210587,True,False,False
2025-08-21,-2.6365751778480835,True,False,False
2025-08-22,-2.882502278890343,True,False,False
2025-08-25,-2.6050386349575456,True,False,False
2025-08-26,-2.319610480973796,True,False,False
2025-08-28,-2.3444271103274144,True,False,False
2025-08-29,-2.4090423443852376,True,False,False
2025-09-01,-1.7498494282445585,False,False,False
2025-09-02,-1.3012859226338116,False,False,False
2025-09-03,-1.3608525177283728,False,False,False
2025-09-04,-0.5338969300846452,False,False,False
2025-09-05,-0.38289049690343036,False,False,False
2025-09-08,-0.1868622239079749,False,False,True
2025-09-09,-0.17146474545072948,False,False,True
2025-09-10,0.22860413753719605,False,False,False
2025-09-11,-0.08756398489260526,False,False,True
2025-09-12,-0.10885726796328764,False,False,True
2025-09-15,-0.2960885039941456,False,False,False
2025-09-16,-0.4373055403388783,False,False,False
2025-09-17,-1.0777040211340412,False,False,False
2025-09-18,-0.9375269319856581,False,False,False
2025-09-19,-0.8133425463555366,False,False,False
2025-09-22,-0.801103129934485,False,False,False
2025-09-23,-1.1866503473286607,False,False,False
2025-09-24,-1.3799778135694167,False,False,False
2025-09-25,-1.4785552191853244,False,False,False
2025-09-26,-1.2193958009809773,False,False,False
2025-09-29,-0.797789537642604,False,False,False
2025-09-30,-0.7833039467406067,False,False,False
2025-10-01,-0.5539972220369178,False,False,False
2025-10-03,-0.5199235603069222,False,False,False
2025-10-06,-1.1735902469795352,False,False,False
2025-10-07,-1.0520027064787156,False,False,False
2025-10-08,-1.0369219149798108,False,False,False
2025-10-09,-0.969361626388595,False,False,False
2025-10-10,-1.2581014594352011,False,False,False
2025-10-13,-1.5567117086690327,False,False,False
2025-10-14,-1.4782754549752246,False,False,False
2025-10-15,-1.2974312741375174,False,False,False
2025-10-16,-1.0551932174998575,False,False,False
2025-10-17,-1.0164763271681663,False,False,False
2025-10-20,-1.155405384758415,False,False,False
2025-10-21,-1.0357592890523926,False,False,False
2025-10-23,-1.5444236727300937,False,False,False
2025-10-24,-1.4171180143023443,False,False,False
2025-10-27,-1.3384981365809705,False,False,False
2025-10-28,-0.7402349473247573,False,False,False
2025-10-29,-0.5520019791704698,False,False,False
2025-10-30,-0.9427720398703276,False,False,False
2025-10-31,-0.3580763210203653,False,False,False
2025-11-03,1.0302905288903168,False,False,False
2025-11-04,1.3253568282921415,False,False,False
2025-11-06,0.5818426455552549,False,False,False
2025-11-07,0.9729387325288532,False,False,False
2025-11-10,0.6512520671689116,False,False,False
2025-11-11,0.5466503657722582,False,False,False
2025-11-12,0.48164462476516307,False,False,False
2025-11-13,0.2239379833921219,False,False,False
2025-11-14,-0.5555196760045588,False,False,False
2025-11-17,-0.5375611541519353,False,False,False
2025-11-18,-0.6076919339626015,False,False,False
2025-11-19,0.41053315165600873,False,False,False
2025-11-20,1.6580845312454076,False,False,False
2025-11-21,1.1143179266806804,False,False,False
2025-11-24,1.8430770737170525,False,False,False
2025-11-25,1.7416970071198796,False,False,False
2025-11-26,0.7800420709312228,False,False,False
2025-11-27,0.35630562699073626,False,False,False
2025-11-28,0.6743788083288422,False,False,False
2025-12-01,0.47829080519424,False,False,False
2025-12-02,-0.026449496164345002,False,False,True
2025-12-03,0.29041835483724526,False,False,False
2025-12-04,0.6949067285525552,False,False,False
2025-12-05,0.46160837580666186,False,False,False
2025-12-08,0.3975232041258678,False,False,False
2025-12-09,0.8552516615804746,False,False,False
2025-12-10,1.5449398522377222,False,False,False
2025-12-11,0.9641934967168523,False,False,False
2025-12-12,-0.12275874839416413,False,False,True
2025-12-15,-0.4551001800580493,False,False,False
2025-12-16,-0.624480826481916,False,False,False
2025-12-17,-0.28238731300539377,False,False,False
2025-12-18,-0.21941677605563883,False,False,False
2025-12-19,0.2111461623135857,False,False,False
2025-12-22,-0.11081662892868734,False,False,True
2025-12-23,0.16912824227726142,False,False,True
2025-12-24,-0.18103268862623006,False,False,True
2025-12-26,0.2633747588894241,False,False,False
2025-12-29,0.10395522845264558,False,False,True
2025-12-30,-0.7655100260022061,False,False,False
2025-12-31,-0.13181590335938687,False,False,True
2026-01-01,0.05532277251605074,False,False,True
2026-01-02,-0.8956451198384829,False,False,False
2026-01-05,-0.5839361835875218,False,False,False
2026-01-06,-0.7818366238765075,False,False,False
2026-01-07,1.2276559865777614,False,False,False
2026-01-08,1.4669244323490862,False,False,False
2026-01-09,1.6729041748239435,False,False,False
2026-01-12,0.9024647568160808,False,False,False
2026-01-13,1.1855371915486526,False,False,False
2026-01-14,1.7434788034404103,False,False,False
2026-01-15,1.678316834006129,False,False,False
2026-01-16,2.2504542481453433,False,True,False
2026-01-19,1.2528532615890924,False,False,False
2026-01-20,1.2587282014155845,False,False,False
2026-01-21,1.3903871558597676,False,False,False
2026-01-22,0.7611226995248885,False,False,False
2026-01-23,1.255576746790365,False,False,False
2026-01-27,3.1106335438390755,False,True,False
2026-01-28,3.332699112274247,False,True,False
2026-01-29,3.7815229380792577,False,True,False
2026-01-30,3.422792203364958,False,True,False
2026-02-02,2.9884095160899817,False,True,False
2026-02-03,2.8208174783902593,False,True,False
2026-02-04,2.3145530057751715,False,True,False
2026-02-05,1.9730496387332843,False,False,False
2026-02-06,1.8770818494022872,False,False,False
2026-02-09,1.8793283366115696,False,False,False
2026-02-10,1.838629535984201,False,False,False
2026-02-11,2.745096713308152,False,True,False
2026-02-12,3.1050520560061097,False,True,False
2026-02-13,3.213028510367731,False,True,False
2026-02-16,3.004319622735483,False,True,False
2026-02-17,2.6688593311321602,False,True,False
2026-02-18,2.4462707730405495,False,True,False
2026-02-19,2.3354735509804168,False,True,False
2026-02-20,2.1976605293033287,False,True,False
2026-02-23,2.168373338532341,False,True,False
2026-02-24,1.992851994683292,False,False,False
2026-02-25,1.9014101895848075,False,False,False
2026-02-26,1.9883457268162794,False,False,False
2026-02-27,1.8997052738691915,False,False,False
2026-03-02,1.9017928184252166,False,False,False
2026-03-04,1.6919186298074598,False,False,False
2026-03-05,1.6140712611940866,False,False,False
2026-03-06,1.5469957886890404,False,False,False
2026-03-09,1.462866315737519,False,False,False
2026-03-10,1.5298938251078165,False,False,False
2026-03-11,1.3422290173115257,False,False,False
2026-03-12,1.259753763088068,False,False,False
2026-03-13,1.2117359617086418,False,False,False
